site_name,registration_number,issuance_date,program_type,city_or_county,regional_office,permit_url,address,main_parcel,generator_count,generator_capacity_mw,fuel,operating_limits,pollutant_limits,source_file,is_northern_virginia,unverified_fields
"Corporate Office Properties, LP",11541,2008-05-16,,Russell County,SOUTHWEST,,,,,,,,,raw/deq_va/115413_DC_Permit.pdf,False,program_type;permit_url;address;generator_count;generator_capacity_mw
"DP Facilities Inc. South, LLC",11790,2016-08-23,Minor NSR,Wise County,SOUTHWEST,,,,,,diesel,,,raw/deq_va/11790_DC_Permit.pdf,False,permit_url;address;generator_count;generator_capacity_mw
,21527,2024-04-24,Title V,Mecklenburg County,PIEDMONT,,,,,,diesel,p. 12: Emissions Unit Operating Hours per Year Frequency of Observations for | p. 18: Emissions Unit Operating Hours per Year Frequency of Observations for | p. 22: Emissions Unit Operating Hours per Year Frequency of Observations for,p. 10: PM 0.4 lb/hr 0.2 lb/hr 0.4 lb/hr 0.6 lb/hr | p. 10: Nitrogen Oxides (as NO ) 51.1 lb/hr 19.4 lb/hr 29.6 lb/hr 42.3 lb/hr | p. 10: Carbon Monoxide 6.1 lb/hr 2.8 lb/hr 4.0 lb/hr 4.0 lb/hr,raw/deq_va/2152707_DC_TV_Permit.pdf,False,site_name;permit_url;address;generator_count;generator_capacity_mw
Microsoft Corporation – East Coast Data Center,21527,2023-09-19,New Source Review,Mecklenburg County,PIEDMONT,,,,,,diesel,,p. 9: PM 0.4 lb/hr 0.2 lb/hr 0.4 lb/hr 0.6 lb/hr | p. 9: Nitrogen Oxides (as NO ) 51.1 lb/hr 19.4 lb/hr 29.6 lb/hr 42.3 lb/hr | p. 9: Carbon Monoxide 6.1 lb/hr 2.8 lb/hr 4.0 lb/hr 4.0 lb/hr,raw/deq_va/2152715_DC_Permit.pdf,False,permit_url;address;generator_count;generator_capacity_mw
TECfusions Clarksville LLC,30142,2025-02-12,New Source Review,Mecklenburg County,,,,,,,diesel,"p. 7: shall not operate more than 100 hours per year, calculated monthly as the sum of each",,raw/deq_va/3014202_DC_Permit.pdf,False,regional_office;permit_url;address;generator_count;generator_capacity_mw
Equinix,41064,2018-08-10,Minor NSR,Culpeper County,SOUTHWEST,,,,,,diesel,,p. 11: Nitrogen Oxides (as NO2) 53.7 tons per year | p. 11: Carbon Monoxide (CO) 22.0 tons per year | p. 11: Particulate Matter (PM ) 1.6 tons per year,raw/deq_va/41064_DC_Permit.pdf,False,permit_url;address;generator_count;generator_capacity_mw
"Quality Investment Properties Richmond, LLC",51232,2024-06-24,Minor NSR,Henrico County,Piedmont,,,,,,diesel,,p. 11: PM 0.6 lb/hr 0.05 tons/yr | p. 11: PM10 0.7 lb/hr 0.06 tons/yr | p. 11: PM2.5 0.7 lb/hr 0.06 tons/yr,raw/deq_va/51232_DC_Permit.pdf,False,permit_url;address;generator_count;generator_capacity_mw
,,,,,,,,,,,,,,raw/deq_va/52173_DC_Permit.pdf,False,site_name;registration_number;issuance_date;program_type;city_or_county;regional_office;permit_url;address;generator_count;generator_capacity_mw
Bank of America,52221,2026-01-12,New Source Review,Henrico County,Piedmont,,,,,,diesel,p. 7: 2. Operating Hours - The generators shall not operate more than the following hours per year,p. 9: Nitrogen Oxides (as NO ) 1.1 lb/hr 1.7 tons/yr | p. 9: Carbon Monoxide 1.22 lb/hr 3.2 tons/yr | p. 9: Particulate Matter 1.6 lb/hr 0.5 tons/yr,raw/deq_va/522219_DC_Permit.pdf,False,permit_url;address;generator_count;generator_capacity_mw
"Capital One Services, Inc",52281,2026-01-22,New Source Review,Henrico County,,,,,,,,"p. 5: 1. Operating limits - Each generator shall not operate more than 240 hours per year, calculated",,raw/deq_va/52281_DC_Permit.pdf,False,regional_office;permit_url;address;generator_count;generator_capacity_mw
"Peak 10, Inc",52299,2011-05-06,,Richmond,PIEDMONT,,,,,,diesel,,,raw/deq_va/52299_DC_Permit.pdf,False,program_type;permit_url;address;generator_count;generator_capacity_mw
Bank of AmericaNational Association,52403,2021-02-09,,Henrico County,PIEDMONT,,,,,,diesel,"p. 6: operate more than 500 hours per year and all engine-generator sets referenced in this | p. 6: condition shall not operate more than 6,390 hours per year combined, calculated monthly as",p. 7: PM 0.7 lb/hr 1.7 tons/yr | p. 7: PM10 0.7 lb/hr 1.7 tons/yr | p. 7: Nitrogen Oxides (as NO ) 5.4 lb/hr 13.5 tons/yr,raw/deq_va/52403_DC_Permit.pdf,False,program_type;permit_url;address;generator_count;generator_capacity_mw
Chirisa Richmond LLC,52432,2026-04-09,Minor NSR,Chesterfield County,Piedmont,,,,,,diesel,p. 8: EG-DD2C-01 through EG-DD2C-04) shall not operate more than 500 hours per year,p. 11: lb/hr lb/hr lb/hr | p. 11: lb/hr lb/hr,raw/deq_va/524326_DC_Permit.pdf,False,permit_url;address;generator_count;generator_capacity_mw
■ Scout Development LLC,52629,2018-07-03,,Henrico County,PIEDMONT,,,,,,diesel,,p. 8: Compounds (VOCs) | :: 2.0 lb/hr .; 2.0 Ib/hr ■ 0.4 Ib/hr • :- ' n-7tpy,raw/deq_va/52629_DC_Permit.pdf,False,program_type;permit_url;address;generator_count;generator_capacity_mw
Microsoft Corporation,52820,2023-09-05,New Source Review,Mecklenburg County,PIEDMONT,,,,,,diesel,,p. 7: PM 0.6 lb/hr 0.1 lb/hr | p. 7: Nitrogen Oxides (as NO ) 50.5 lb/hr 7.1 lb/hr | p. 7: Carbon Monoxide 1.9 lb/hr 0.6 lb/hr,raw/deq_va/52820_DC_Permit.pdf,False,permit_url;address;generator_count;generator_capacity_mw
Microsoft Corporation,52903,2023-09-19,New Source Review,Mecklenburg County,PIEDMONT,,,,,,diesel,,p. 7: PM 0.8lb/hr 0.2 lb/hr 0.2lb/hr | p. 7: PM 0.9lb/hr 0.2 lb/hr 0.2lb/hr | p. 7: Nitrogen Oxides (as NO ) 57.8 lb/hr 8.3 lb/hr 14.3 lb/hr,raw/deq_va/52903_DC_Permit.pdf,False,permit_url;address;generator_count;generator_capacity_mw
Microsoft Corporation,52949,2023-09-28,New Source Review,Mecklenburg County,PIEDMONT,,,,,,diesel,,p. 7: PM 2.1 lb/hr 4.1 tons/yr | p. 7: PM10 1.7 lb/hr 3.7 tons/yr | p. 7: PM2.5 1.7 lb/hr 3.6 tons/yr,raw/deq_va/52949_DC_Permit.pdf,False,permit_url;address;generator_count;generator_capacity_mw
Microsoft Corporation,52973,2025-07-23,Minor NSR,Mecklenburg County,,,,,,,diesel,,p. 7: PM 2.1 lb/hr 4.1 tons/yr | p. 7: PM10 1.7 lb/hr 3.7 tons/yr | p. 7: PM2.5 1.6 lb/hr 3.6 tons/yr,raw/deq_va/52973_DC_Permit.pdf,False,regional_office;permit_url;address;generator_count;generator_capacity_mw
Microsoft Corporation,53071,2023-07-12,New Source Review,Mecklenburg County,PIEDMONT,,,,,,diesel,,p. 7: PM 0.8lb/hr 0.2 lb/hr | p. 7: PM-10 0.9lb/hr 0.2 lb/hr | p. 7: PM 2.5 0.9lb/hr 0.2 lb/hr,raw/deq_va/53071_DC_Permit.pdf,False,permit_url;address;generator_count;generator_capacity_mw
Microsoft Corporation,53072,2023-07-13,New Source Review,Mecklenburg County,PIEDMONT,,,,,,diesel,,p. 7: PM 0.6 lb/hr 0.1 lb/hr | p. 7: PM 0.7lb/hr 0.1 lb/hr | p. 7: Nitrogen Oxides (as NO ) 50.6 lb/hr 7.1 lb/hr,raw/deq_va/53072_DC_Permit.pdf,False,permit_url;address;generator_count;generator_capacity_mw
Microsoft Corporation,53086,2025-04-22,New Source Review,Mecklenburg County,Piedmont,,,,,,diesel,,p. 7: PM 0.6 lb/hr 0.1 lb/hr | p. 7: PM 0.7 lb/hr 0.1 lb/hr | p. 7: Nitrogen Oxides (as NO ) 50.6 lb/hr 9.9 lb/hr,raw/deq_va/53086_DC_Permit.pdf,False,permit_url;address;generator_count;generator_capacity_mw
CLOP Ashland VA LLC,53197,2026-07-21,Minor NSR,Hanover County,Piedmont,,,,,,diesel,"p. 7: 05GEN-1, and HGEN) shall not operate more than 500 hours per year, including up to 100 | p. 7: hours per year for maintenance checks and readiness testing, calculated monthly as the sum",p. 8: PM 1.0 lb/hr 0.3 tons/yr 0.5 tons/yr | p. 8: PM10 1.0 lb/hr 0.3 tons/yr 0.5 tons/yr | p. 8: PM2.5 1.0 lb/hr 0.3 tons/yr 0.5 tons/yr,raw/deq_va/531972_DC_Permit.pdf,False,permit_url;address;generator_count;generator_capacity_mw
Microsoft Corporation,53198,2025-05-01,New Source Review,Mecklenburg County,Piedmont,,,,,,diesel,,p. 7: PM 0.6 lb/hr 0.1 lb/hr | p. 7: PM 0.7lb/hr 0.1 lb/hr | p. 7: SO 0.2 lb/hr 0.01lb/hr,raw/deq_va/53198_DC_Permit.pdf,False,permit_url;address;generator_count;generator_capacity_mw
"QTS Richmond V, LLC",53259,2026-04-22,Minor NSR,Henrico County,Piedmont,,,,,,diesel,"p. 6: HGEN008) shall not operate more than 500 hours per year, calculated monthly as the sum",p. 8: lb/hr lb/hr,raw/deq_va/5325901_DC_Permit.pdf,False,permit_url;address;generator_count;generator_capacity_mw
"Iron Mountain Information Management, LLC",53266,2026-05-07,New Source Review,Henrico County,,,,,,,diesel,"p. 6: than 36 hours per year, calculated monthly as the sum of each consecutive 12-month period | p. 6: more than 26 hours per year, calculated monthly as the sum of each consecutive 12-month",,raw/deq_va/5326601_DC_Permit.pdf,False,regional_office;permit_url;address;generator_count;generator_capacity_mw
Sentara Healthcare,60353,2015-08-07,,Virginia Beach,TIDEWATER,,,,,,diesel,"p. 2: each not exceed 500 operating hours per year as such operation ensures that pollutant emission levels will remain | p. 7: operate more than 500 hours per year each, calculated monthly as the sum of each consecutive 12-month",,raw/deq_va/60353_DC_Permit.pdf,False,program_type;permit_url;address;generator_count;generator_capacity_mw
,71804,2009-02-27,,,NORTHERN,,,,,,diesel,"p. 6: units 1 through 5 shall not operate more than 1350 hours per year, calculated | p. 6: units 6 through 8 shall not operate more than 870.hours per year, calculated monthly",,raw/deq_va/7180403_DC_Permit.pdf,True,site_name;program_type;city_or_county;permit_url;address;generator_count;generator_capacity_mw
"Meridian Science 7990, LLC",71804,2016-11-09,Minor NSR,Fairfax County,NORTHERN,,,,,,diesel,"p. 6: operate more than 100 hours per year, calculated monthly as the sum of each consecutive",,raw/deq_va/7180404_DC_Permit.pdf,True,permit_url;address;generator_count;generator_capacity_mw
"CoreSite Real Estate 12100 Sunrise Valley Dr, LLC",72296,2013-01-31,Minor NSR,,NORTHERN,,,,,,diesel,"p. 7: more than 500 hours per year, calculated monthly as the sum of each consecutive 12 month",p. 12: 20. Emission Statement - The owner of a stationary source emitting twenty-five tons per year,raw/deq_va/72296_DC_Permit.pdf,True,city_or_county;permit_url;address;generator_count;generator_capacity_mw
,72367,2020-02-26,Minor NSR,Loudoun County,,,"Verizon Business Network Services, Inc., 22001 Loudoun County Parkway, Ashburn, VA20147",,,,diesel,"p. 6: more than 1,092 hours per year, calculated monthly as the sum of each consecutive 12-",,raw/deq_va/72367_DC_Permit.pdf,True,site_name;regional_office;permit_url;generator_count;generator_capacity_mw
"AOL, LLC",72368,2009-08-28,Minor NSR,,NORTHERN,,,,,,diesel,,,raw/deq_va/72368_DC_Permit.pdf,True,city_or_county;permit_url;address;generator_count;generator_capacity_mw
"Comcast Cable Communications, LLC",72374,2014-03-27,Minor NSR,Prince William County,NORTHERN,,"11101 University Boulevard, Manassas, Virginia 20110",,,,diesel,"p. 6: more than 500 hours per year,calculated monthly as the sum of each consecutive 12 month",,raw/deq_va/72374_DC_Permit.pdf,True,permit_url;generator_count;generator_capacity_mw
"Chantilly Technology Partners, LLC/H5 VA",72375,2026-03-10,Minor NSR,Fairfax County,Northern,,,,,,diesel,p. 8: shall not operate more than 240 hours per year for all purposes (as provided in | p. 8: shall not operate more than 320 hours per year for all purposes (as provided in | p. 8: 80 hours per year for all purposes (as provided in Condition 4),p. 11: 44.09 lb/hr 49.85 lb/hr 26.43 lb/hr | p. 11: 0.74 lb/hr 0.93 lb/hr 0.50 lb/hr | p. 11: 0.89 lb/hr 1.00 lb/hr 0.65 lb/hr,raw/deq_va/723759_DC_Permit.pdf,True,permit_url;address;generator_count;generator_capacity_mw
Freddie Mac,73105,2007-07-26,,,,,,,,,diesel,"p. 5: sets (Ref. No.'s 1 - 4) shall not exceed 1400 hours per year, calculated monthly as",,raw/deq_va/73105_DC_Permit.pdf,False,program_type;city_or_county;regional_office;permit_url;address;generator_count;generator_capacity_mw
Qwest Communications Corporation,73158,2003-09-16,,Loudoun County,,,,,,,diesel,,p. 7: not exceed 24.4 tons per year. The nitrogen dioxide emissions shall be calculated | p. 9: emitting 24.4 tons per year or more of volatile organic compounds or nitrogen oxides,raw/deq_va/73158_DC_Permit.pdf,True,program_type;regional_office;permit_url;address;generator_count;generator_capacity_mw
,73160,2019-10-30,Minor NSR,Loudoun County,,,"21110 Ridgetop Circle, Sterling, Virginia 20166, 45901 Nokes Boulevard, Sterling, Virginia 20166, 45845 Nokes Boulevard, Sterling, Virginia 20166",,,,diesel,"p. 8: more than 500 hours per year, calculated monthly as the sum of each consecutive 12-month | p. 8: thru DC2&3-EG12) shall not operate more than 1,200 hours per year combined, but | p. 8: individually not more than 500 hours per year, calculated monthly as the sum of each",,raw/deq_va/73160_DC_Permit.pdf,True,site_name;regional_office;permit_url;generator_count;generator_capacity_mw
"Lemur Properties, LLC",73162,2010-03-05,Minor NSR,Reston,NORTHERN,,,,,,diesel,,"p. 7: exceed 1.25 tons per year. While these boilers are unregulated, the emissions must | p. 7: exceed 47.75 tons per year. The emissions shall be calculated monthly as the sum | p. 7: tons per year, calculated monthly as the sum of each preceding twelve consecutive",raw/deq_va/73162_DC_Permit.pdf,True,permit_url;address;generator_count;generator_capacity_mw
,73170,2000-11-22,,Fairfax County,,,,,,,diesel,"p. 1: testing, and operational training. Each generator shall operate not more than 300 hours per year",,raw/deq_va/73170_DC_Permit.pdf,True,site_name;program_type;regional_office;permit_url;address;generator_count;generator_capacity_mw
"Dupont Fabros Technologies, Inc",73180,2008-08-07,Minor NSR,,NORTHERN,,,,,,diesel,,,raw/deq_va/73180_DC_Permit.pdf,True,city_or_county;permit_url;address;generator_count;generator_capacity_mw
Equinix,73199,2009-04-28,,Loudoun County,NORTHERN,,,,,,diesel,,p. 10: SCR x 41.16 lb/hr) + (Total monthly hours of operation of the engine- | p. 10: generator sets with SCR x 1.70 lb/hr)] + 2000 | p. 10: CO = (Total monthly hours of operation of the engine-generator sets x 4.01 lb/hr),raw/deq_va/73199_DC_Permit.pdf,True,program_type;permit_url;address;generator_count;generator_capacity_mw
Verizon Business,73200,2006-10-19,,Manassas,,,,,,,diesel,,,raw/deq_va/7320002_DC_Permit.pdf,False,program_type;regional_office;permit_url;address;generator_count;generator_capacity_mw
,73200,2007-10-18,Minor NSR,"Manassas, Virginia",,,,,,,diesel,,,raw/deq_va/7320003_DC_Permit.pdf,False,site_name;regional_office;permit_url;address;generator_count;generator_capacity_mw
"Gannett Co., Inc",73230,2009-01-09,,,NORTHERN,,,,,,diesel,,p. 8: lb/hr) * 2000 | p. 8: CO = (Total monthly hours of operation of the engine-generator sets x 2.97 lb/hr),raw/deq_va/73230_DC_Permit.pdf,True,program_type;city_or_county;permit_url;address;generator_count;generator_capacity_mw
"Equinix, LLC",73233,2024-03-19,Minor NSR,Loudoun County,NORTHERN,,"21691, 21701, 21711, 21715 and 21721 Filigree Court, Ashburn, Virginia 20147",,,,diesel,"p. 10: DC11EG-1 through DC11EG-9) shall operate more than 500 hours per year | p. 10: not operate more than combined total of 900 hours per year | p. 10: hours per year, calculated monthly as the sum of each consecutive 12-month period",,raw/deq_va/73233_DC_Permit.pdf,True,permit_url;generator_count;generator_capacity_mw
21571 Beaumeade Circle LLC,73240,2024-09-20,Minor NSR,Loudoun County,Northern,,"21571 Beaumeade Circle, Ashburn, Virginia 20147",,,,diesel,,,raw/deq_va/73240_DC_Permit.pdf,True,permit_url;generator_count;generator_capacity_mw
,73293,2010-08-12,,,NORTHERN,,,,,,diesel,"p. 6: not exceed 1,700 hours per year, calculated monthly as the sum of each consecutive twelve",,raw/deq_va/73293_DC_Permit.pdf,True,site_name;program_type;city_or_county;permit_url;address;generator_count;generator_capacity_mw
"Amazon Data Services, Inc",73294,2024-10-11,Minor NSR,Fairfax County,Northern,,,,,,diesel,"p. 21: than 500 hours per year, calculated monthly as the sum of each consecutive 12 month",,raw/deq_va/73294_DC_Permit.pdf,True,permit_url;address;generator_count;generator_capacity_mw
VeriSign Incorporated,73341,2008-07-25,Minor NSR,,,,,,,,diesel,,,raw/deq_va/73341_DC_Permit.pdf,False,city_or_county;regional_office;permit_url;address;generator_count;generator_capacity_mw
,73355,2025-05-19,Minor NSR,Loudoun County,Northern,,,,,,diesel,p. 9: Transitory Generators 1 through 4) shall not operate more than 500 hours per year,,raw/deq_va/73355_DC_Permit.pdf,True,site_name;permit_url;address;generator_count;generator_capacity_mw
Inova Nokes Data Center,73363,2014-07-16,Minor NSR,Loudoun County,NORTHERN,,"45745 Nokes Boulevard, Dulles, Virginia 20166",,,,diesel,,,raw/deq_va/73363_DC_Permit.pdf,True,permit_url;generator_count;generator_capacity_mw
"New Dominion Technology Park, LLC",73369,2025-09-16,,Fairfax County,,,,,,,diesel,"p. 5: NDIIG2) shall not operate more than 500 hours per year each. The operating hours shall be | p. 5: operate more than 500 hours per year, calculated monthly as the sum of each consecutive",p. 8: tons per year. The NOx emissions shall be calculated using the following equation | p. 8: NOx Emissions (tons per year) =,raw/deq_va/733693_DC_Permit.pdf,True,program_type;regional_office;permit_url;address;generator_count;generator_capacity_mw
"DuPont Fabros Technology, Inc",73370,2013-08-27,Minor NSR,,NORTHERN,,,,,,diesel,"p. 71: operate more than 340 hours per year, calculated monthly as the sum of each consecutive",p. 12: current month while SCR is operational x 3.7 lb/hr*) + 2000 | p. 12: current month while SCR is not operating x 37.0 lb/hr*) | p. 12: current month x 37.0 lb/hr*) + 2000,raw/deq_va/7337012_DC_Permit.pdf,True,city_or_county;permit_url;address;generator_count;generator_capacity_mw
"Elk Ventures, LLC (ACC 9)",73370,2016-12-07,Minor NSR,Loudoun County,NORTHERN,,"21745 Sir Timothy Drive, Ashburn, VA 20147",,,,diesel,,,raw/deq_va/7337015_DC_Permit.pdf,True,permit_url;generator_count;generator_capacity_mw
"Gazelle Ventures, LLC (ACC10)",73370,2017-08-23,Minor NSR,Loudoun County,NORTHERN,,"21744 Sir Timothy Drive, Ashbum, VA 20147",,,,diesel,,,raw/deq_va/7337016_DC_Permit.pdf,True,permit_url;generator_count;generator_capacity_mw
"Digital Reston, LLC",73567,2007-11-07,,,Northern,,,,,,diesel,,,raw/deq_va/73567_DC_Permit.pdf,True,program_type;city_or_county;permit_url;address;generator_count;generator_capacity_mw
"VISA U.S.A., Inc",73643,2007-12-19,Minor NSR,,,,,,,,diesel,,,raw/deq_va/7364301_DC_Permit.pdf,False,city_or_county;regional_office;permit_url;address;generator_count;generator_capacity_mw
"VISA, Inc",73643,2009-08-28,Minor NSR,,NORTHERN,,,,,,diesel,,,raw/deq_va/7364303_DC_Permit.pdf,True,city_or_county;permit_url;address;generator_count;generator_capacity_mw
,73643,2010-04-29,Minor NSR,,NORTHERN,,,,,,diesel,,,raw/deq_va/7364304_DC_Permit.pdf,True,site_name;city_or_county;permit_url;address;generator_count;generator_capacity_mw
,73643,2011-10-13,,,NORTHERN,,,,,,,,,raw/deq_va/7364305_DC_Permit.pdf,True,site_name;program_type;city_or_county;permit_url;address;generator_count;generator_capacity_mw
Digital Realty Trust/Digital Loudoun Pkwy Center N LLC,73670,2014-01-29,Minor NSR,Loudoun County,NORTHERN,,,,,,diesel,,p. 16: 23. Emission Statement - The owner of a stationary source emitting twenty-five tons per year,raw/deq_va/7367012_DC_Permit.pdf,True,permit_url;address;generator_count;generator_capacity_mw
,73670,2025-03-14,Title V,Loudoun County,Northern,,,,,,diesel,"p. 20: hours per year, calculated monthly as the sum of each consecutive 12-month period. Refer to",p. 27: tons per year or more of volatile organic compounds or nitrogen oxides shall submit a completed,raw/deq_va/7367014_DC_Permit.pdf,True,site_name;permit_url;address;generator_count;generator_capacity_mw
Corporate Office Properties Trust (COPT),73683,2021-08-24,Minor NSR,Prince William County,NORTHERN,,"COPT DC-6, LLC, 9651 Hornbaker Road, Manassas, VA 20109",,,,diesel,"p. 11: hours per year for unscheduled maintenance, testing, operational training, and scheduled | p. 11: more than 500 hours per year for all purposes (as provided in Condition 7) combined. The | p. 11: G6) shall not operate more than 500 hours per year for all purposes (as provided in",p. 14: Nitrogen Oxides (NO as NO ) 38.85 lb/hr | p. 14: Carbon Monoxide (CO) 3.95 lb/hr | p. 14: Volatile Organic Compounds (VOC) 1.13 lb/hr,raw/deq_va/73683_DC_Permit.pdf,True,permit_url;generator_count;generator_capacity_mw
"Visa, Inc",73717,2009-01-15,,,NORTHERN,,,,,,diesel,,,raw/deq_va/7371701_DC_Permit.pdf,True,program_type;city_or_county;permit_url;address;generator_count;generator_capacity_mw
"Zayo Group, LLC",73717,2019-05-29,Minor NSR,Fairfax County,NORTHERN,,"Zayo Group, LLC, 1764A Old Meadow Lane, McLean, Virginia 22102",,,,diesel,p. 7: a. No single unit shall operate more than 500 hours per year for all purposes (as provided | p. 7: b. No single unit shall operate more than 100 hours per year for maintenance checks and,,raw/deq_va/7371703_DC_Permit.pdf,True,permit_url;generator_count;generator_capacity_mw
"Amazon Data Services, Inc",73741,2026-01-20,Minor NSR,Prince William County,Northern,,,,,,diesel,"p. 12: at IAD-7/IAD11/IAD-24) shall operate more than 500 hours per year, calculated monthly | p. 12: 7) shall not operate more than 100 hours per year for maintenance checks and readiness | p. 12: testing (as provided in Conditions 5.c and 5.d) and no more than 500 hours per year for all",,raw/deq_va/7374123_DC_Permit.pdf,True,permit_url;address;generator_count;generator_capacity_mw
DataBank Holdings Ltd,73743,2025-08-04,Minor NSR,Loudoun County,Northern,,"IAD-1, IAD-3, and IAD-4, 21635, 21630, and 21625 Red Rum Drive, Ashburn, VA 20147",,,,diesel,"p. 9: EG4-12, EG4BB1, and EG4BB2) shall not operate more than 500 hours per year for | p. 9: shall not operate more than 100 hour per year for scheduled maintenance checks and | p. 9: 25 hours per year for scheduled maintenance checks and readiness testing (Scheduled",,raw/deq_va/73743_DC_Permit.pdf,True,permit_url;generator_count;generator_capacity_mw
,73757,2024-07-30,Minor NSR,Loudoun County,Northern,,"44874 Moran Road, Dulles, VA 20166",,,,diesel,"p. 8: operate more than 218 hours per year, calculated monthly as the sum of each consecutive | p. 8: hours per year for scheduled maintenance checks and readiness testing (Scheduled MCRT",,raw/deq_va/73757_DC_Permit.pdf,True,site_name;permit_url;generator_count;generator_capacity_mw
Northrop Grumman Systems Corporation,73798,2011-01-28,,,NORTHERN,,,,,,diesel,"p. 6: No 1-4) shall each be less than 500 hours per year, calculated monthly as the sum of each",,raw/deq_va/73798_DC_Permit.pdf,True,program_type;city_or_county;permit_url;address;generator_count;generator_capacity_mw
"Terremark Federal Group, Inc",73809,2010-06-03,,,NORTHERN,,,,,,diesel,"p. 6: HTC2, and HTC3) shall not exceed 500 hours per year each, calculated monthly as the sum",,raw/deq_va/73809_DC_Permit.pdf,True,program_type;city_or_county;permit_url;address;generator_count;generator_capacity_mw
Northrop Grumman Systems Corporation,73813,2011-01-26,,,NORTHERN,,,,,,diesel,,,raw/deq_va/73813_DC_Permit.pdf,True,program_type;city_or_county;permit_url;address;generator_count;generator_capacity_mw
Level 3 Communications,73823,2014-11-17,,Fairfax County,NORTHERN,,,,,,diesel,,,raw/deq_va/73823_DC_Permit.pdf,True,program_type;permit_url;address;generator_count;generator_capacity_mw
"Amazon Data Services, Inc",73853,2024-08-27,Minor NSR,Loudoun County,Northern,,,,,,diesel,"p. 9: operate more than 35 hours per year for scheduled maintenance checks and readiness | p. 9: operate more than 32 hours per year for scheduled maintenance checks and readiness | p. 9: T4, and S1) shall not operate more than 500 hours per year for all purposes (as",,raw/deq_va/73853_DC_Permit.pdf,True,permit_url;address;generator_count;generator_capacity_mw
"Amazon Data Services, Inc",73860,2025-01-30,Minor NSR,Loudoun County,Northern,,,,,,diesel,p. 11: 62) shall not operate more than 32 hours per year for scheduled maintenance checks and | p. 11: through T6) shall not operate more than 500 hours per year for all purposes (as provided in,p. 14: Nitrogen Oxides (NO as NO ) 53.48 lb/hr 4.44 lb/hr | p. 14: Particulate Matter (PM ) 0.20 lb/hr | p. 14: Carbon Monoxide (CO) 3.10 lb/hr,raw/deq_va/73860_DC_Permit.pdf,True,permit_url;address;generator_count;generator_capacity_mw
"VADATA, Incorporated",73868,2011-04-14,Minor NSR,Loudoun County,NORTHERN,,,,,,diesel,,,raw/deq_va/73868_DC_Permit.pdf,True,permit_url;address;generator_count;generator_capacity_mw
,73935,2024-12-03,Minor NSR,Loudoun County,Northern,,,,,,diesel,p. 8: and C00 – C08) shall not operate more than 100 hours per year for maintenance checks and | p. 8: readiness testing and no more than 500 hours per year for all purposes (as provided in | p. 8: shall not operate more than 24 hours per year for scheduled maintenance checks and,,raw/deq_va/73935_DC_Permit.pdf,True,site_name;permit_url;address;generator_count;generator_capacity_mw
"Equinix, LLC",73946,2024-10-01,Minor NSR,Loudoun County,Northern,,,,,,diesel,"p. 12: operate more than 100 hours per year for all purposes (as provided in Condition 7) | p. 13: a. No single unit (Engine Group DC-15) shall operate more than 500 hours per year for | p. 13: than 170 hours per year for all purposes (as provided in Condition 7), calculated",p. 16: 10.30 lb/hr 38.85 lb/hr 56.97 lb/hr | p. 16: - 3.91 lb/hr 2.39 lb/hr | p. 16: - 1.13 lb/hr 1.03 lb/hr,raw/deq_va/7394606_DC_Permit.pdf,True,permit_url;address;generator_count;generator_capacity_mw
"RagingWire Enterprise Solutions, Inc",73954,2011-11-07,Minor NSR,,NORTHERN,,,,,,diesel,"p. 7: 7, A - H and J - M) shall not exceed 1580 hours per year, calculated monthly as the sum of",,raw/deq_va/73954_DC_Permit.pdf,True,city_or_county;permit_url;address;generator_count;generator_capacity_mw
The Aerospace Corporation,73977,2012-04-09,,,NORTHERN,,,,,,diesel,"p. 6: 500 hours per year, calculated monthly as the sum of each consecutive twelve month period | p. 6: through G-4) shall not exceed 1,500 hours per year, calculated monthly as the sum of each consecutive",p. 8: 19.24 lb/hr) + (Total monthly hours of operation of the engine-generator sets Unit Ref | p. 8: No.'s G-2 through G-4 x 9.14 lb/hr) + (Total monthly hours of operation of the engine- | p. 8: generator sets Unit Ref. No.'s G-2 through G-4 x 60.08 lb/hr)) + 2000,raw/deq_va/7397701_DC_Permit.pdf,True,program_type;city_or_county;permit_url;address;generator_count;generator_capacity_mw
The Aerospace Corporation,73977,2013-08-19,Minor NSR,Fairfax County,NORTHERN,,,,,,diesel,,p. 4: 19.24 lb/hr*) + (Total monthly hours of operation .with SCR operating) of the engine- | p. 4: generator sets Unit Ref. No.'s G-2 through G-4 x 9.14 lb/hr*) + (Total monthly hours of | p. 4: through G-4 x 60.08 lb/hr*)) * 2000,raw/deq_va/7397702_DC_Permit.pdf,True,permit_url;address;generator_count;generator_capacity_mw
"VADATA, Inc",73995,2014-05-08,New Source Review,Prince William County,NORTHERN,,,,,,diesel,,,raw/deq_va/73995_DC_Permit.pdf,True,permit_url;address;generator_count;generator_capacity_mw
"Amazon Data Services, Inc",74049,2024-05-08,Minor NSR,Loudoun County,NORTHERN,,"IAD-50, IAD-60, IAD-71, IAD-78, IAD-79, and IAD-80, 21271, 21267, and 21263 Smith Switch Road and, 44862, 44858, and 44854 Interconnection Plaza, Ashburn, Virginia 20147",,,,diesel,p. 8: than 100 hours per year for maintenance checks and readiness testing | p. 8: and 106) shall not operate more than 35 hours per year for scheduled maintenance checks | p. 8: Generator 1 through 4) shall not operate more than 500 hours per year for all purposes (as,,raw/deq_va/74049_DC_Permit.pdf,True,permit_url;generator_count;generator_capacity_mw
"Amazon Data Services, Inc",74052,2023-04-25,Minor NSR,Prince William County,NORTHERN,,"IAD-55 15395 John Marshall Hwy., IAD-64 15465 John Marshall Hwy., IAD-84 15455 John Marshall Hwy., IAD-94 15454 John Marshall Hwy., Haymarket, Virginia 20169",,,,diesel,"p. 8: 500 hours per year for all purposes (as provided in Condition 6), calculated monthly as the | p. 9: through 60, S1, and T2 through T8) shall operate no more than 32 hours per year for | p. 9: 500 hours per year for all purposes (as provided in Condition 6) combined",p. 11: Nitrogen Oxides (as NO ) 48.07 lb/hr | p. 11: Carbon Monoxide (CO) 6.01 lb/hr | p. 11: Volatile Organic Compounds (VOC) 1.20 lb/hr,raw/deq_va/74052_DC_Permit.pdf,True,permit_url;generator_count;generator_capacity_mw
U.S. Customs and Border Protection (CBP),74060,2014-07-31,Minor NSR,Springfield,NORTHERN,,"7681 Boston Blvd.,, Springfield, VA 22153",,,,diesel,,,raw/deq_va/74060_DC_Permit.pdf,True,permit_url;generator_count;generator_capacity_mw
"Amazon Data Services, Inc",74063,2026-07-07,Minor NSR,Loudoun County,Northern,,,,,,diesel,"p. 10: operate no more than 32 hours per year for Scheduled MCRT (as provided in | p. 10: through L21, L29, and L38) shall operate no more than 35 hours per year for",p. 12: Nitrogen Oxides (NO as NO ) 4.46 lb/hr | p. 12: X 2 53.48 lb/hr | p. 12: Particulate Matter (PM ) 0.18 lb/hr,raw/deq_va/740635_DC_Permit.pdf,True,permit_url;address;generator_count;generator_capacity_mw
"VADATA, Incorporated",74064,2014-02-14,Minor NSR,Loudoun County,NORTHERN,,,,,,diesel,,,raw/deq_va/74064_DC_Permit.pdf,True,permit_url;address;generator_count;generator_capacity_mw
,74079,2021-04-28,Minor NSR,Loudoun County,NORTHERN,,,,,,diesel,"p. 9: than 200 hours per year, calculated monthly as the sum of each consecutive 12 month period. Each | p. 9: without urea injection for more than 50 hours per year, calculated monthly as the sum of each | p. 9: shall not operate more than 36 hours per year for scheduled maintenance and readiness testing",p. 11: Nitrogen Oxides (NO as NO ) 36.56 lb/hr 58.11 lb/hr | p. 11: Carbon Monoxide (CO) 5.03 lb/hr 11.51 lb/hr | p. 11: Volatile Organic Compounds (VOC) 0.63 lb/hr 0.56 lb/hr,raw/deq_va/74079_DC_Permit.pdf,True,site_name;permit_url;address;generator_count;generator_capacity_mw
"Amazon Data Services, Inc",74080,2025-01-21,Minor NSR,Loudoun County,Northern,,,,,,diesel,"p. 8: T1 through T8) shall operate more than 500 hours per year, calculated monthly as the sum | p. 8: than 32 hours per year for scheduled maintenance checks and readiness testing | p. 8: hours per year for scheduled maintenance checks and readiness testing (Scheduled",p. 10: 0.40 lb/hr 0.44 lb/hr 0.17 lb/hr 0.57 lb/hr | p. 10: 48.06 lb/hr 30.75 lb/hr 9.31 lb/hr 38.85 lb/hr | p. 10: 6.09 lb/hr 5.78 lb/hr 2.20 lb/hr 3.96 lb/hr,raw/deq_va/74080_DC_Permit.pdf,True,permit_url;address;generator_count;generator_capacity_mw
"Amazon Data Services, Inc",74081,2024-07-08,Minor NSR,Prince William County,Northern,,"IAD-73, IAD-74, IAD-602, IAD-193, & IAD-194, 7060, 7070, 7080 Wellington Rd and, 8300 and 8400 Buckeye Timber Drive, Manassas, VA 20109",,,,diesel,"p. 8: through 20, and 34 through 80) shall not operate more than 35 hours per year for scheduled | p. 8: T6) shall not operate more than 500 hours per year for all purposes (as provided in",,raw/deq_va/74081_DC_Permit.pdf,True,permit_url;generator_count;generator_capacity_mw
"Amazon Data Services, Inc",74085,2022-11-21,Minor NSR,Loudoun County,NORTHERN,,"IAD-62, IAD-68, IAD-81, IAD-83, IAD-93,, IAD-609, IAD-614 Data Centers, 42949, 42948, 42800, 42948 Fadeley Lane, 24178, 24185 Upper Woodside Lane, Sterling, VA 20166",,,,diesel,"p. 9: hours per year, calculated monthly as the sum of each consecutive 12-month period. Of that | p. 9: amount, the company shall operate no more than 100 hours per year for scheduled | p. 9: 99) shall not operate more than 32 hours per year for scheduled maintenance checks and",p. 11: Nitrogen Oxides (NO as NO ) 14.20 lb/hr 9.51 lb/hr 30.75 lb/hr | p. 11: Carbon Monoxide (CO) 4.73 lb/hr 1.59 lb/hr 5.78 lb/hr | p. 11: Volatile Organic Compounds 0.33 lb/hr 0.87 lb/hr,raw/deq_va/74085_DC_Permit.pdf,True,permit_url;generator_count;generator_capacity_mw
"CyrusOne, LLC",74086,2016-11-01,Minor NSR,Loudoun County,NORTHERN,,,,,,diesel,"p. 7: 025, E, F, G, and H,) shall not operate more than a combined total of 3,220 hours per year | p. 7: G, and H) shall operate more than 500 hours per year, calculated daily as the sum of each | p. 7: hours per year, and no single emergency diesel engine gen-set (Ref. Nos. A40, B40, R40",,raw/deq_va/74086_DC_Permit.pdf,True,permit_url;address;generator_count;generator_capacity_mw
"RagingWire Data Centers, Inc",74094,2016-01-13,,Loudoun County,NORTHERN,,,,,,diesel,,,raw/deq_va/74094_DC_Permit.pdf,True,program_type;permit_url;address;generator_count;generator_capacity_mw
Abteen Ventures LLC (MCC1),74107,2021-07-26,Minor NSR,Prince William County,NORTHERN,,,,,,diesel,"p. 8: through 103) shall not operate more than 20 hours per year for scheduled maintenance and | p. 8: readiness testing, and more than 500 hours per year for all purposes (as provided in",p. 11: Nitrogen Oxides (as NO ) 58.51 lb/hr | p. 11: Carbon Monoxide (CO) 7.61 lb/hr | p. 11: Volatile Organic Compounds (VOC) 0.85 lb/hr,raw/deq_va/74107_DC_Permit.pdf,True,permit_url;address;generator_count;generator_capacity_mw
"CyrusOne, LLC",74109,2016-10-13,Minor NSR,Loudoun County,NORTHERN,,,,,,diesel,"p. 6: than a combined total of 4,200 hours per year, and no single emergency diesel engine- | p. 6: generator set shall operate more than 500 hours per year, calculated monthly as the sum",,raw/deq_va/74109_DC_Permit.pdf,True,permit_url;address;generator_count;generator_capacity_mw
"Iron Mountain Information Management, LLC",74112,2026-04-18,Minor NSR,Prince William County,Northern,,,,,,diesel,"p. 10: 21 and 46 through 50) combined shall not operate more than 644 hours per year and | p. 10: shall not operate more than 500 hours per year for all purposes as provided in | p. 10: and 51 through 70) combined shall not operate more than 1,232 hours per year and",p. 12: 61.91 lb/hr 58.51 lb/hr 49.49 lb/hr 11.83 lb/hr 29.18 lb/hr | p. 12: 10.00 lb/hr 6.05 lb/hr 1.99 lb/hr 1.10 lb/hr 4.24 lb/hr | p. 12: 2.80 lb/hr 2.87 lb/hr 0.95 lb/hr 0.46 lb/hr 0.81 lb/hr,raw/deq_va/741125_DC_Permit.pdf,True,permit_url;address;generator_count;generator_capacity_mw
"CyrusOne, LLC",74114,2022-09-06,Minor NSR,Loudoun County,NORTHERN,,,,,,diesel,p. 11: operate more than 18 hours per year for scheduled maintenance checks and readiness | p. 12: operate more than 500 hours per year for all purposes (as provided in Condition 9),p. 13: Nitrogen Oxides (as NO ) 44.07 lb/hr 43.29 lb/hr | p. 13: Carbon Monoxide (CO) 7.16 lb/hr 4.04 lb/hr | p. 13: 0.91 lb/hr 1.19 lb/hr,raw/deq_va/74114_DC_Permit.pdf,True,permit_url;address;generator_count;generator_capacity_mw
"Amazon Data Services, Inc",74115,2024-10-21,Minor NSR,Prince William County,Northern,,"8180, 8190, 8200, and 8210 Bethlehem Road, (IAD-95, IAD-96, IAD-75, and IAD-85), in Manassas, Virginia",,,,diesel,p. 8: operate more than 35 hours per year for scheduled maintenance checks and readiness testing | p. 8: operate more than 500 hours per year for all purposes (as provided in Condition 3),p. 9: Nitrogen Oxides (as NO 2 ) 48.07 lb/hr 48.06 lbs/hr 38.85 lb/hr | p. 9: Carbon Monoxide (CO) 6.01 lb/hr 6.09 lbs/hr 3.95 lb/hr | p. 9: 1.20 lb/hr 1.21 lbs/hr 1.14 lb/hr,raw/deq_va/74115_DC_Permit.pdf,True,permit_url;generator_count;generator_capacity_mw
Cashvad Ventures LLC,74118,2026-04-27,Minor NSR,Prince William County,Northern,,"10400 Harry J Parrish Blvd, Manassas, VA 20110",,,,diesel,,,raw/deq_va/741183_DC_Permit.pdf,True,permit_url;generator_count;generator_capacity_mw
"NTT Global Data Centers Americas, Inc",74120,2025-07-11,Minor NSR,Loudoun County,Northern,,,,,,diesel,p. 10: a. No single unit shall operate more than 500 hours per year for all purposes (as provided | p. 10: b. No single unit shall operate more than 24 hours per year for scheduled maintenance,p. 12: 28.77 lb/hr 61.48 lb/hr 60.01 lb/hr 29.37 lb/hr | p. 12: 5.45 lb/hr 13.86 lb/hr 8.29 lb/hr 7.83 lb/hr | p. 12: Compounds 0.35 lb/hr 2.81 lb/hr 2.64 lb/hr 1.05 lb/hr,raw/deq_va/74120_DC_Permit.pdf,True,permit_url;address;generator_count;generator_capacity_mw
"Amazon Data Services, Inc",74121,2024-11-06,Minor NSR,Loudoun County,Northern,,"IAD-90, IAD-91 and IAD-92 Data Centers, 45900, 45930, 45950 Pathfinder Way, Sterling, VA 20164",,,,diesel,p. 8: T4) shall not operate more than 35 hours per year for scheduled maintenance checks and | p. 8: T4) shall not operate more than 500 hours per year for all purposes (as provided in,,raw/deq_va/74121_DC_Permit.pdf,True,permit_url;generator_count;generator_capacity_mw
Digital Realty,74126,2022-10-12,Minor NSR,Loudoun County,NORTHERN,,"IAD 39, IAD 40, IAD 41 & IAD 73: 44274, 44372, 44751, and, 44540 Round Table Plaza, Ashburn, Virginia 20147 and, IAD 42 & IAD 43: 22125 Broderick Drive and 44820 Prentice, Drive, Sterling, Virginia 20166",,,,diesel,"p. 9: operate more than 100 hours per year, calculated monthly as the sum of each | p. 9: b. No single unit shall operate more than 500 hours per year, calculated monthly as the",p. 13: 6.16 lb/hr 9.92 lb/hr | p. 13: 4.23 lb/hr 2.71 lb/hr | p. 13: 0.88 lb/hr 0.88 lb/hr,raw/deq_va/74126_DC_Permit.pdf,True,permit_url;generator_count;generator_capacity_mw
Data Center Vint Hill LLC,74127,2026-01-20,Minor NSR,Fauquier County,Northern,,"Data Center Vint Hill LLC, 6872 Watson Court, Warrenton, VA 20186",,,,diesel,p. 8: operate more than 100 hours per year for scheduled maintenance checks and readiness | p. 8: training (as provided in Conditions 6.c and 6.d) and no more than 500 hours per year | p. 8: not operate more than 30 hours per year for scheduled maintenance checks and,p. 10: Nitrogen Oxides (NO as NO ) 35.15 lb/hr 87.88 tons/yr | p. 10: Carbon Monoxide (CO) 4.69 lb/hr 11.73 tons/yr | p. 10: Volatile Organic Compounds (VOC) 1.72 lb/hr 4.30 tons/yr,raw/deq_va/741273_DC_Permit.pdf,True,permit_url;generator_count;generator_capacity_mw
"Amazon Data Services, Inc",74129,2021-06-28,Minor NSR,Prince William County,NORTHERN,,"IAD-100, IAD-101, IAD-102 and IAD-103 Data Centers, 10321, 10301, 10281, and 10261 Tanner Way, Manassas, Virginia 20110",,,,diesel,p. 10: 92 and T1) shall not operate more than 100 hours per year for maintenance checks and | p. 10: readiness testing (MC/RT) and no more than 500 hours per year for all purposes (as | p. 10: through S3) shall not operate more than 26 hours per year for scheduled maintenance1,,raw/deq_va/74129_DC_Permit.pdf,True,permit_url;generator_count;generator_capacity_mw
"CoreSite Real Estate Sunrise Technology Park, LLC",74130,2022-03-03,Minor NSR,Fairfax County,NORTHERN,,,,,,diesel,p. 7: EG034) shall not operate more than 100 hours per year,p. 9: Nitrogen Oxides (NO as NO ) 8.37 lb/hr 2.51 tpy | p. 9: Carbon Monoxide (CO) 0.61 lb/hr 0.18 tpy | p. 9: Volatile Organic Compounds (VOC) 0.16 lb/hr 0.05 tpy,raw/deq_va/74130_DC_Permit.pdf,True,permit_url;address;generator_count;generator_capacity_mw
"QTS Investment Properties Ashburn, LLC",74141,2025-06-10,Minor NSR,Loudoun County,Northern,,"DC1: 22271 Broderick Drive, DC2: 22280 Randolph Drive, Sterling, VA 20164",,,,diesel,p. 8: shall not operate more than 30 hours per year for scheduled maintenance checks and | p. 8: shall not operate more than 102 hours per year for all purposes (as provided in | p. 9: shall not operate more than 500 hours per year for all purposes (as provided in,p. 10: 10.86 lb/hr 56.34 lb/hr 48.06 lb/hr 24.09 lb/hr | p. 10: Carbon Monoxide (CO) 1.14lb/hr 8.45lb/hr 6.09 lb/hr 2.10 lb/hr | p. 10: Particulate Matter (PM ) 0.19lb/hr 0.94lb/hr 0.58 lb/hr 0.27lb/hr,raw/deq_va/74141_DC_Permit.pdf,True,permit_url;generator_count;generator_capacity_mw
"Equinix, LLC",74147,2020-02-26,Minor NSR,Loudoun County,,,"Equinix, LLC, 21830UunetWay, Ashburn, VA20147",,,,diesel,"p. 6: EG-1 through EG-8) shall not operate more than 150 hours per year, calculated monthly as",,raw/deq_va/74147_DC_Permit.pdf,True,regional_office;permit_url;generator_count;generator_capacity_mw
"Amazon Data Services, Inc",74150,2026-07-29,Minor NSR,Loudoun County,Northern,,"IAD-114 and IAD-115 Data Centers, 20945 & 20935 Loudoun County Parkway, Ashburn, VA 20147",,,,diesel,p. 8: per year for maintenance checks and readiness testing and no more than 500 hours per year | p. 8: shall not operate more than 35 hours per year for scheduled maintenance checks and | p. 8: operate more than 500 hours per year for all purposes (as provided in Condition 3),p. 10: Nitrogen Oxides (NO as NO ) 38.9 lb/hr 48.06 lb/hr | p. 10: Carbon Monoxide (CO) 4.1 lb/hr 6.09 lb/hr | p. 10: 1.1 lb/hr 1.21 lb/hr,raw/deq_va/741503_DC_Permit.pdf,True,permit_url;generator_count;generator_capacity_mw
,74152,2024-01-30,Minor NSR,Loudoun County,NORTHERN,,"24400 Howling Rooster Ln, Sterling, VA 20166",,,,diesel,p. 10: a. No single unit shall operate more than 500 hours per year | p. 10: b. No single unit shall operate more than 100 hours per year for scheduled maintenance | p. 10: 20 hours per year for scheduled maintenance checks and readiness testing (Scheduled,,raw/deq_va/74152_DC_Permit.pdf,True,site_name;permit_url;generator_count;generator_capacity_mw
"Amazon Data Services, Inc",74153,2024-06-21,Minor NSR,Loudoun County,Northern,,"Amazon Data Services, Inc., IAD-144, IAD-145, and IAD-175, 22945, 22868, and 23005 International Drive, Sterling, VA 20166",,,,diesel,"p. 8: 15, 16, 20 through 22, 24 through 39, and T1) shall not operate more than 100 hours per year | p. 8: more than 500 hours per year for all purposes (as provided in Condition 6) combined | p. 8: through 56, T2, and T3) shall not operate more than 500 hours per year for all purposes (as",,raw/deq_va/74153_DC_Permit.pdf,True,permit_url;generator_count;generator_capacity_mw
Aerospace Data Facility – East,74154,2026-03-02,Minor NSR,Fairfax County,Northern,,"Aerospace Data Facility – East, 7900 Telegraph Road, Fort Belvoir, VA 22060-5928",,,,diesel,p. 11: through EG-22 and EG-70 through EG-73) shall not operate more than 500 hours per year | p. 11: through EG-80) shall not operate more than 500 hours per year for all purposes (as | p. 11: 200 hours per year without the SCR operating,p. 13: Nitrogen Oxides (NO as NO ) 57.43 lb/hr 6.55 lb/hr | p. 13: Carbon Monoxide (CO) 0.97 lb/hr | p. 13: Volatile Organic Compounds (VOC) 0.42 lb/hr,raw/deq_va/741545_DC_Permit.pdf,True,permit_url;generator_count;generator_capacity_mw
Iskandar Ventures LLC (LC1A),74155,2025-02-12,Minor NSR,Loudoun County,Northern,,,,,,diesel,"p. 11: 9 hours per year for scheduled maintenance checks and readiness testing (Scheduled MCRT) | p. 11: 121, 123 through 128, and 137 through 142) shall not operate more than 500 hours per year | p. 11: and FP-3) shall not operate more than 40 hours per year for all purposes (as provided in",p. 13: Nitrogen Oxides (as NO ) 58.51 lb/hr | p. 13: Carbon Monoxide (CO) 14.31 lb/hr | p. 13: Volatile Organic Compounds (VOC) 2.31 lb/hr,raw/deq_va/74155_DC_Permit.pdf,True,permit_url;address;generator_count;generator_capacity_mw
,74156,2018-09-10,Minor NSR,Loudoun County,NORTHERN,,"22260 Cloud Plaza, Sterling, VA 20166",,,,diesel,"p. 7: 2-m) shall not operate more than 135 hours per year for all purposes (as provided in | p. 7: combined, shall not operate more than 672 hours per year for maintenance checks and",,raw/deq_va/74156_DC_Permit.pdf,True,site_name;permit_url;generator_count;generator_capacity_mw
"Compass Datacenters, LLC",74160,2025-11-21,Minor NSR,Loudoun County,Northern,,,,,,diesel,p. 8: hours per year for all purposes (as provided in Condition 3) combined. These annual | p. 8: IADI-II-12-Gen-3E) shall not operate more than 20 hours per year for scheduled,p. 11: 38.00 lb/hr 6.60 lb/hr 94.05 tpy | p. 11: Carbon Monoxide (CO) 5.09 lb/hr 6.49 lb/hr 94.05 tpy | p. 11: Particulate Matter (PM) 0.95 lb/hr 1.03 lb/hr 6.84 tpy,raw/deq_va/741603_DC_Permit.pdf,True,permit_url;address;generator_count;generator_capacity_mw
"QTS Investment Properties Manassas, LLC",74161,2026-03-26,Minor NSR,Prince William County,Northern,,"9400, 9420, 9450, and 9540 Godwin Drive;, 10680 University Blvd; and, 9301 Freedom Center Blvd, Manassas, VA 20110",,,,diesel,p. 9: combined shall not operate more than 500 hours per year for scheduled maintenance | p. 9: shall operate no more than 30 hours per year for scheduled maintenance checks and | p. 9: hours per year for all purposes (as provided in Condition 7) combined,p. 11: 43.0 lb/hr 48.60 lb/hr 29.20 lb/hr 24.09 lb/hr | p. 11: 6.6 lb/hr 11.84 lb/hr 5.00 lb/hr 2.10 lb/hr | p. 11: 1.32 lb/hr 2.27 lb/hr 1.37 lb/hr 0.40 lb/hr,raw/deq_va/741615_DC_Permit.pdf,True,permit_url;generator_count;generator_capacity_mw
"Vantage Data Centers, LLC",74162,2022-04-20,Minor NSR,Loudoun County,NORTHERN,,"45194 Vantage Data Plaza, Sterling, VA 20166",,,,diesel,p. 8: a. No single unit shall operate more than 500 hours per year for all purposes (as provided | p. 8: b. No single unit shall operate more than 29 hours per year for scheduled maintenance,p. 10: Nitrogen Oxides (NO as NO ) 53.48 lb/hr 8.30 lb/hr | p. 10: Carbon Monoxide (CO) 10.34 lb/hr 2.20 lb/hr | p. 10: Volatile Organic Compounds (VOC) 1.25 lb/hr 0.10 lb/hr,raw/deq_va/74162_DC_Permit.pdf,True,permit_url;generator_count;generator_capacity_mw
Hayden Technologies LLC,74163,2025-04-30,Minor NSR,Loudoun County,Northern,,"20491 Goose Landing Lane, Leesburg, VA 20175",,,,diesel,p. 13: hours per year for scheduled maintenance checks and readiness testing (Scheduled | p. 13: hours per year for all purposes (as provided in Condition 12) combined | p. 13: than 100 hours per year for all purposes (as provided in Condition 13) combined,p. 16: Nitrogen Oxides (as NO ) 53.48 lb/hr | p. 16: Carbon Monoxide (CO) 10.34 lb/hr | p. 16: Volatile Organic Compounds (VOC) 1.25 lb/hr,raw/deq_va/74163_DC_Permit.pdf,True,permit_url;generator_count;generator_capacity_mw
,74164,2022-10-03,Minor NSR,Loudoun County,NORTHERN,,"CyrusOne Sterling VIII Facility, 45905 Maries Road, Sterling, Virginia 20166",,,,diesel,"p. 9: i. More than a total of 985 hours per year (combined), calculated monthly as the | p. 9: ii. More than 100 hours per year (combined), for maintenance checks and readiness | p. 9: i. More than a total of 3,150 hours per year (Engine Groups 2 and 2a) (combined)",,raw/deq_va/74164_DC_Permit.pdf,True,site_name;permit_url;generator_count;generator_capacity_mw
,74167,2022-08-05,Minor NSR,Prince William County,NORTHERN,,,,,,diesel,"p. 8: 35, T1, and T2) shall not operate more than 100 hours per year for Scheduled MCRT | p. 8: and 6.d) and no more than 500 hours per year for all purposes (as provided in Condition 6) | p. 8: operate more than 33 hours per year for Scheduled MCRT (as provided in Condition 6.c)",p. 10: 48.06 lb/hr 38.85 lb/hr 9.58 lb/hr 30.75 lb/hr | p. 10: 6.09 lb/hr 3.95 lb/hr 1.59 lb/hr 5.78 lb/hr | p. 10: 1.21 lb/hr 1.14 lb/hr 0.33 lb/hr 0.87 lb/hr,raw/deq_va/74167_DC_Permit.pdf,True,site_name;permit_url;address;generator_count;generator_capacity_mw
"Aligned Energy, LLC",74169,2022-07-18,Minor NSR,Loudoun County,NORTHERN,,"21890 UUNET Drive, Ashburn, Virginia 20147 (Building 1), 21821 UUNET Drive, Ashburn, Virginia 20147 (Building 2)",,,,diesel,p. 9: shall not operate more than 20 hours per year for scheduled maintenance checks and | p. 9: shall not operate more than 500 hours per year for all purposes (as provided in Condition | p. 9: shall not operate more than a total of 80 hours per year all purposes (as provided in,p. 11: 35.72 lb/hr 42.61 lb/hr 58.11 lb/hr 58.51 lb/hr | p. 11: Monoxide 4.80 lb/hr 6.09 lb/hr 11.62 lb/hr 7.64 lb/hr | p. 12: 1.17 lb/hr 1.21 lb/hr 0.58 lb/hr 0.85 lb/hr,raw/deq_va/74169_DC_Permit.pdf,True,permit_url;generator_count;generator_capacity_mw
"Amazon Data Services, Inc",74170,2025-08-08,Minor NSR,Loudoun County,Northern,,"IAD-116, IAD-117, and IAD-128 Data Centers, 45771, 45761, and 45781 Maries Road, Sterling, VA 20166",,,,diesel,p. 10: shall not operate more than 100 hours per year for maintenance checks and readiness | p. 10: testing and no more than 500 hours per year for all purposes (as provided in | p. 10: hours per year for scheduled maintenance checks and readiness testing and no more,p. 12: 48.06 lb/hr 14.34 lb/hr 38.85 lb/hr | p. 12: 6.09 lb/hr 4.73 lb/hr 3.95 lb/hr | p. 12: 1.21 lb/hr 1.91 lb/hr 1.14 lb/hr,raw/deq_va/74170_DC_Permit.pdf,True,permit_url;generator_count;generator_capacity_mw
Amazon Data Services,74171,2026-03-30,Minor NSR,Prince William County,Northern,,"IAD-130, IAD-131, IAD-313, and DCA-072, 9001, 9040 and 9020 Freedom Center Blvd.,, 8924 Wellington Rd, Manassas, Virginia 20110",,,,diesel,p. 10: 2) shall not operate more than 32 hours per year for scheduled maintenance checks | p. 10: operate more than 35 hours per year for scheduled maintenance checks and readiness | p. 10: and T-2) shall not operate more than 500 hours per year for all purposes (as provided,p. 13: 48.06 lb/hr 11.88 lb/hr 30.75 lb/hr 38.85 lb/hr | p. 13: 0.40 lb/hr 0.47 lb/hr 0.44 lb/hr 0.57 lb/hr | p. 13: 6.09 lb/hr 2.37 lb/hr 5.78 lb/hr 3.92 lb/hr,raw/deq_va/741714_DC_Permit.pdf,True,permit_url;generator_count;generator_capacity_mw
Remington Technology Park Limited Partnership,74172,2022-12-06,Minor NSR,Fauquier County,NORTHERN,,"Remington Technology Park, 12270 Lucky Hill Rd., Remington, VA 22734",,,,,"p. 8: not operate more than 2,000 hours per year each, calculated monthly as the sum of each | p. 9: gas engine-generator sets (Ref. Nos. Gen 1 – Gen 24) operating for 2,000 hours per year",p. 9: Nitrogen Oxides (as NO ) 7.60 lb/hr 0.76 lbs/hr | p. 9: Carbon Monoxide (CO) 11.71 lb/hr 0.84 lbs/hr | p. 9: Volatile Organic Compounds* (VOC) 3.50 lb/hr 1.27 lbs/hr,raw/deq_va/74172_DC_Permit.pdf,True,permit_url;generator_count;generator_capacity_mw
,74173,2025-11-06,Minor NSR,Loudoun County,Northern,,,,,,diesel,"p. 12: more than 500 hours per year for all purposes (as provided in Condition 10), calculated | p. 12: than 18 hours per year for scheduled maintenance checks and readiness testing | p. 12: c. No single unit (Engine Group 5) shall operate more than 22 hours per year for",,raw/deq_va/741736_DC_Permit.pdf,True,site_name;permit_url;address;generator_count;generator_capacity_mw
"Vadata, Inc",74174,2019-06-12,Minor NSR,Loudoun County,NORTHERN,,"Vadata IAD-150, IAD-151, and IAD-152, 25430,25420 and 25390 Sutton Bay Plaza, Chantilly, Virginia 20152",,,,diesel,p. 8: than 100 hours per year for planned non-emergency operation and no more than 500 hours,,raw/deq_va/74174_DC_Permit.pdf,True,permit_url;generator_count;generator_capacity_mw
,74181,2020-03-19,Minor NSR,Loudoun County,NORTHERN,,"IAD-146a nd IAD-147D ata Centers, 22370 & 22420 Kipper Drive, Sterling, VA 20166",,,,diesel,p. 8: 44) shall not operate more than 26 hours per year for scheduled maintenaii ce,,raw/deq_va/74181_DC_Permit.pdf,True,site_name;permit_url;generator_count;generator_capacity_mw
"Amazon Data Services, Inc",74184,2022-08-01,Minor NSR,Loudoun County,NORTHERN,,"IAD-140 and IAD-141 at 22890 and 22900 Platform Plaza;, IAD-142 and IAD-143 at 45775 and 45795 Optics Plaza; and, IAD-603 and IAD-608 at 22940 and 22855 Platform Plaza,, Sterling, VA 20166",,,,diesel,p. 8: 108) shall not operate more than 32 hours per year for scheduled maintenance checks and | p. 8: shall not operate more than 500 hours per year for all purposes (as provided in Condition 6),p. 10: 48.06 lb/hr 38.85 lb/hr 14.34 lb/hr | p. 10: Carbon Monoxide (CO) 6.01 lb/hr 3.95 lb/hr 4.73 lb/hr | p. 10: 1.20 lb/hr 1.13 lb/hr 1.91 lb/hr,raw/deq_va/74184_DC_Permit.pdf,True,permit_url;generator_count;generator_capacity_mw
"Equinix, LLC",74189,2025-10-17,Minor NSR,Loudoun County,Northern,,,,,,diesel,p. 9: 22Z) shall operate more than 500 hours per year for all purposes (as provided in | p. 9: b. No single unit (Engine Group DC-21-3250) shall operate more than 36 hours per year | p. 9: operate more than 36 hours per year for scheduled maintenance checks and,,raw/deq_va/741895_DC_Permit.pdf,True,permit_url;address;generator_count;generator_capacity_mw
"Amazon Data Services, Inc",74190,2020-02-19,Minor NSR,,NORTHERN,,,,,,diesel,"p. 7: EG-POD 17) shall not operate more than 500 hours per year, calculated monthly as the sum | p. 7: DEF for more than 100 hours per year, calculated monthly as the sum of each consecutive | p. 7: 1 through EG-POD 17) shall not operate more than 32 hours per year for scheduled",p. 8: NO ) (lb/hr) (lb/hr) (lb/hr) (lb/hr) (lb/hr) (lb/hr) | p. 9: NO ) (lb/hr) (lb/hr) (lb/hr) (lb/hr) (lb/hr) (lb/hr),raw/deq_va/74190_DC_Permit.pdf,True,city_or_county;permit_url;address;generator_count;generator_capacity_mw
"QTS Shellhorn, LLC",74197,2022-02-04,Minor NSR,Loudoun County,NORTHERN,,"Ashburn-Shellhorn DC1 and DC2, 22291 and 22271 Shellhorn Road, Ashburn, VA 20147",,,,diesel,p. 8: 65) shall not operate more than 30 hours per year for scheduled maintenance and readiness | p. 8: more than 500 hours per year for all purposes (as provided in Condition 6) combined,p. 10: Nitrogen Oxides (NO as NO ) 44.35 lb/hr | p. 10: Carbon Monoxide (CO) 9.37 lb/hr | p. 10: Volatile Organic Compounds (VOC) 2.20 lb/hr,raw/deq_va/74197_DC_Permit.pdf,True,permit_url;generator_count;generator_capacity_mw
"Amazon Data Services, Inc",74198,2024-07-16,Minor NSR,Fauquier County,Northern,,"7471 Bear Wallow Road, Warrenton, VA 20186",,,,diesel,"p. 10: operate more than 500 hours per year, calculated monthly as the sum of each | p. 10: and EG-POD 18) shall not operate more than 51 hours per year for scheduled | p. 10: no more than 500 hours per year for all purposes (as provided in Condition 7)",p. 12: (lb/hr) (lb/hr) (lb/hr) | p. 12: (lb/hr) | p. 13: (lb/hr) (lb/hr) (lb/hr),raw/deq_va/74198_DC_Permit.pdf,True,permit_url;generator_count;generator_capacity_mw
Microsoft Corporation,74201,2023-02-08,Minor NSR,Fauquier County,NORTHERN,,"7471 Bear Wallow Road, Warrenton, VA 20186",,,,diesel,"p. 10: combined shall not operate more than 240 hours per year when emissions are | p. 10: combined shall not operate more than 760 hours per year when emissions are controlled | p. 10: 380 hours per year when emissions are uncontrolled, calculated monthly as the sum of",p. 12: with SCR (lb/hr) (lb/hr) (lb/hr) (lb/hr) | p. 12: (lb/hr),raw/deq_va/74201_DC_Permit.pdf,True,permit_url;generator_count;generator_capacity_mw
"Amazon Data Services, Inc",74205,2026-06-16,Minor NSR,Loudoun County,Northern,,"IAD-120, IAD-121, IAD-122, and IAD-619 Data Centers, 23825, 23835, and 23845 Erins Run Drive, Sterling, VA 20166",,,,diesel,p. 8: 54) shall not operate more than 32 hours per year for scheduled maintenance checks and | p. 8: not operate more than 500 hours per year for all purposes (as provided in Condition 6),p. 10: 48.06 lb/hr 38.85 lb/hr 9.58 lb/hr 30.75 lb/hr | p. 10: 6.09 lb/hr 3.95 lb/hr 1.59 lb/hr 5.78 lb/hr | p. 10: 1.21 lb/hr 1.14 lb/hr 0.32 lb/hr 0.87 lb/hr,raw/deq_va/742054_DC_Permit.pdf,True,permit_url;generator_count;generator_capacity_mw
"Amazon Data Services, Inc",74207,2024-07-16,Minor NSR,Fairfax County,Northern,,"7900 Telegraph Road, Fort Belvoir, VA 22060-5928",,,,diesel,"p. 9: EG-245) shall operate more than 500 hours per year or a combined 1,950 hours per year | p. 9: shall not operate more than 26 hours per year for scheduled MCRT (as provided in | p. 9: shall not operate more than 35 hours per year for scheduled MCRT (as provided in",p. 11: Nitrogen Oxides (as NO ) 38.85 lb/hr 48.07 lb/hr 38.85 lb/hr | p. 11: Carbon Monoxide (CO) 2.33 lb/hr 4.03 lb/hr 3.95 lb/hr | p. 11: 0.85 lb/hr 0.96 lb/hr 1.13 lb/hr,raw/deq_va/74207_DC_Permit.pdf,True,permit_url;generator_count;generator_capacity_mw
"Digital Realty/Digital Western Lands, LLC",74212,2025-10-10,Minor NSR,Loudoun County,Northern,,,,,,diesel,p. 11: PBB750-1 through PBB750-6) shall not operate more than 500 hours per year for all,,raw/deq_va/742123_DC_Permit.pdf,True,permit_url;address;generator_count;generator_capacity_mw
"Amazon Data Services, Inc",74214,2024-07-09,Minor NSR,Loudoun County,Northern,,"IAD-161, IAD-162, IAD-606, IAD-285, IAD-286, IAD-299, and, IAD-611 Data Centers, 44254, 44305 & 44351 Import Plaza, Ashburn, VA 20147;, 22275, 22285 & 22295 Lockridge Rd, Sterling, VA 20166",,,,diesel,"p. 10: 53, 150 through 153, S1, and S2) shall not operate more than 32 hours per year for | p. 10: S1, S2, T1, and T2) shall not operate more than 500 hours per year for all purposes (as",p. 12: x 48.06 lb/hr 30.75 lb/hr 9.51 lb/hr 38.85 lb/hr 19.40 lb/hr | p. 12: 6.01 lb/hr 5.78 lb/hr 1.59 lb/hr 3.95 lb/hr 2.79 lb/hr | p. 12: 1.20 lb/hr 0.87 lb/hr 0.33 lb/hr 1.13 lb/hr 0.34 lb/hr,raw/deq_va/74214_DC_Permit.pdf,True,permit_url;generator_count;generator_capacity_mw
Nova Mango Farms LLC,74216,2024-02-27,Minor NSR,Prince William County,NORTHERN,,"13001 Rollins Ford Road, Bristow, VA 20136",,,,diesel,p. 8: hours per year for scheduled maintenance checks and readiness testing (Scheduled MCRT) | p. 8: more than 500 hours per year for all purposes (as provided in Condition 6) combined | p. 9: not operate more than 28 hours per year for scheduled maintenance checks and readiness,p. 11: Oxides (NO 52.91 lb/hr 34.19 lb/hr 5.92 lb/hr 2.89 lb/hr 53.36 lb/hr 33.81 lb/hr | p. 11: Monoxide 10.22 lb/hr 5.88 lb/hr 5.18 lb/hr 2.53 lb/hr 12.09 lb/hr 5.52 lb/hr | p. 11: 0.89 lb/hr 0.89 lb/hr 1.92 lb/hr 0.94 lb/hr 2.35 lb/hr 1.39 lb/hr,raw/deq_va/74216_DC_Permit.pdf,True,permit_url;generator_count;generator_capacity_mw
Microsoft Corporation,74220,2025-03-07,Minor NSR,Loudoun County,Northern,,"Leesburg (IAD01-02-03-04-05) Data Center, 19515 Compass Creek Parkway, Leesburg, VA 20175",,,,diesel,"p. 9: 201, EG-401, and EG-501) shall not operate more than 500 hours per year for all purposes | p. 9: more than 500 hours per year for all purposes (as provided in Condition 6) combined",,raw/deq_va/74220_DC_Permit.pdf,True,permit_url;generator_count;generator_capacity_mw
Microsoft Corporation,74221,2025-07-21,Minor NSR,Loudoun County,Northern,,"Microsoft Blue Ridge (IAD11-12-13) Data Center, 41840 Growth Mindset Lane, Aldie, Virginia 20105",,,,diesel,p. 9: through EG-59) shall not operate more than 36 hours per year for scheduled maintenance | p. 9: not operate more than 500 hours per year for all purposes (as provided in Condition 6) | p. 9: hours per year for all purposes,,raw/deq_va/74221_DC_Permit.pdf,True,permit_url;generator_count;generator_capacity_mw
"SI NVA02D, LLC",74224,2023-10-16,Minor NSR,Prince William County,NORTHERN,,,,,,diesel,"p. 7: through EG-44) shall not operate more than 500 hours per year for all purposes (as | p. 8: more than 3,390 hours per year for all purposes (as provided in Condition 6) combined | p. 8: not operate more than 18 hours per year for scheduled maintenance checks and readiness",,raw/deq_va/74224_DC_Permit.pdf,True,permit_url;address;generator_count;generator_capacity_mw
"Amazon Data Services, Inc",74227,2024-06-21,Minor NSR,Loudoun County,Northern,,,,,,diesel,"p. 8: 52, 79, 81, T1, and T2) shall not operate more than 29 hours per year for scheduled | p. 8: operate more than 35 hours per year for scheduled maintenance checks and readiness | p. 8: not operate more than 500 hours per year for all purposes (as provided in Condition 4)",,raw/deq_va/74227_DC_Permit.pdf,True,permit_url;address;generator_count;generator_capacity_mw
"QTS Investment Properties Ashburn II, LLC",74232,2024-08-05,Minor NSR,Loudoun County,Northern,,"ASH2 Lockridge, 44675 and 44655 Quality Tech Lane, Sterling, VA 20166",,,,diesel,p. 8: 62) shall not operate more than 30 hours per year for scheduled maintenance checks and | p. 8: more than 500 hours per year for all purposes (as provided in Condition 6) combined,p. 9: Nitrogen Oxides (NO as NO ) 44.35 lb/hr 30.74 lb/hr 30.74 lb/hr | p. 9: Carbon Monoxide (CO) 9.37 lb/hr 4.31 lb/hr 4.31 lb/hr | p. 9: Volatile Organic Compounds (VOC) 2.20 lb/hr 1.35 lb/hr 1.35 lb/hr,raw/deq_va/74232_DC_Permit.pdf,True,permit_url;generator_count;generator_capacity_mw
,74234,2025-10-31,Minor NSR,Loudoun County,Northern,,"(LC4), 22210 Loudoun County Parkway, (LC8) 22190 Loudoun County Parkway, (LC11) 22235 Loudoun County Parkway, Ashburn, VA 20147",,,,diesel,p. 10: operate more than 120 hours per year for all purposes combined,p. 12: 4.85 lb/hr* 74.68 lb/hr 4.85 lb/hr* 74.68 lb/hr | p. 12: 20.44 lb/hr 2.04 lb/hr** 20.44 lb/hr | p. 12: 1.82 lb/hr 0.18 lb/hr** 1.82 lb/hr,raw/deq_va/742342_DC_Permit.pdf,True,site_name;permit_url;generator_count;generator_capacity_mw
Cologix,74235,2025-07-23,Minor NSR,Loudoun County,Northern,,"21745 Beaumeade Cir, Ashburn, VA 20147",,,,diesel,p. 8: 75) shall not operate more than 13 hours per year for scheduled maintenance checks and | p. 8: more than 500 hours per year for all purposes (as provided in Condition 6) combined,p. 9: Nitrogen Oxides (NO as NO ) 44.35 lb/hr | p. 9: Volatile Organic Compounds (VOC) 2.20 lb/hr | p. 9: Particulate Matter (PM ) 0.92 lb/hr,raw/deq_va/74235_DC_Permit.pdf,True,permit_url;generator_count;generator_capacity_mw
Gainesville (MNZ03) Data Center,74236,2024-08-05,Minor NSR,Prince William County,Northern,,"Gainesville (MNZ03) Data Center, 13050 Hansen Farm Road, Bristow, VA 20136",,,,diesel,p. 7: EG-21) shall not operate more than 21 hours per year for scheduled maintenance checks | p. 7: operate more than 500 hours per year for all purposes (as provided in Condition 6),p. 9: x 14.74 lb/hr 57.89 lb/hr 0.93 lb/hr | p. 9: Carbon Monoxide (CO) 1.55 lb/hr 7.46 lb/hr 0.57 lb/hr | p. 9: 0.24 lb/hr 0.85 lb/hr 0.06 lb/hr,raw/deq_va/74236_DC_Permit.pdf,True,permit_url;generator_count;generator_capacity_mw
Microsoft,74237,2024-01-17,Minor NSR,Prince William County,NORTHERN,,"Manassas (MNZ01) Data Center, 11316 Balls Ford Road, Manassas, Virginia 20109",,,,diesel,p. 7: through EG-21) shall not operate more than 21 hours per year for scheduled maintenance | p. 7: not operate more than 500 hours per year for all purposes (as provided in Condition 6),,raw/deq_va/74237_DC_Permit.pdf,True,permit_url;generator_count;generator_capacity_mw
"Amazon Data Services, Inc",74239,2026-07-29,Minor NSR,Fairfax County,Northern,,"IAD134, IAD135, and IAD136, 3980, 3980A, 3960, and 3940 Virginia Mallory Drive, Chantilly, VA 20151",,,,diesel,"p. 8: 67, T1, and T2) shall not operate more than 32 hours per year for scheduled maintenance | p. 8: 35 hours per year for scheduled maintenance checks and readiness testing (Scheduled | p. 8: not operate more than 500 hours per year for all purposes (as provided in Condition 3)",,raw/deq_va/742392_DC_Permit.pdf,True,permit_url;generator_count;generator_capacity_mw
"Amazon Data Services, Inc",74240,2024-03-08,Minor NSR,Prince William County,NORTHERN,,"IAD-104, IAD-105, IAD-106, and IAD-107, 9680, 9700, 9720, and 9740 Innovation Drive, Manassas, VA 20110",,,,diesel,"p. 9: 108, T1, and T2) shall not operate more than 32 hours per year for scheduled maintenance | p. 9: shall not operate more than 500 hours per year for all purposes (as provided in Condition 7)",,raw/deq_va/74240_DC_Permit.pdf,True,permit_url;generator_count;generator_capacity_mw
GCDC Purchaser Phase 1 LLC (Building 1),74241,2026-07-29,Minor NSR,Prince William County,,,"Building 1 – 13760 University Blvd, Gainesville, VA 20155",,,,diesel,p. 8: operate more than 17 hours per year for scheduled maintenance checks and readiness | p. 8: operate more than 500 hours per year for all purposes (as provided in Condition 6) | p. 25: operate more than 17 hours per year for scheduled maintenance checks and readiness,p. 10: X 43.46 lb/hr 22.14 tpy | p. 10: Carbon Monoxide (CO) 6.95 lb/hr 10.93 tpy | p. 10: 2.58 lb/hr 11.08 tpy,raw/deq_va/742414_DC_Permit.pdf,True,regional_office;permit_url;generator_count;generator_capacity_mw
"Vantage Data Centers VA2, LLC",74242,2023-09-15,Minor NSR,Loudoun County,NORTHERN,,"Vantage Data Centers VA2, LLC, 22318 Glenn Drive, Sterling, VA 20167",,,,diesel,p. 11: shall not operate more than 29 hours per year for scheduled maintenance checks and | p. 11: not operate more than 500 hours per year for all purposes (as provided in Condition 5),p. 13: Nitrogen Oxides (NO as NO ) 53.48 lb/hr | p. 13: Carbon Monoxide (CO) 10.34 lb/hr | p. 13: Volatile Organic Compounds (VOC) 0.89 lb/hr,raw/deq_va/74242_DC_Permit.pdf,True,permit_url;generator_count;generator_capacity_mw
"Amazon Data Services, Inc",74244,2024-08-27,Minor NSR,Loudoun County,Northern,,"IAD-169 and IAD-179, 21320 and 21310 Beaumeade Circle, Ashburn, VA 20147",,,,diesel,"p. 8: 16, 18, 37, T1, and T2) shall not operate more than 32 hours per year for scheduled | p. 8: through 36, and 38) shall not operate more than 35 hours per year for scheduled | p. 8: shall not operate more than 500 hours per year for all purposes (as provided in",,raw/deq_va/74244_DC_Permit.pdf,True,permit_url;generator_count;generator_capacity_mw
"SI NVA05A, LLC",74246,2025-02-24,Minor NSR,Prince William County,Northern,,"9101 Freedom Center Boulevard, Manassas, VA 20110",,,,diesel,"p. 8: 21) shall not operate more than 500 hours per year for all purposes (as provided in | p. 8: operate more than 1,701 hours per year combined for all purposes (as provided in | p. 8: 82 hours per year for all purposes (as provided in Condition 4) combined",,raw/deq_va/74246_DC_Permit.pdf,True,permit_url;generator_count;generator_capacity_mw
"Aligned Data Centers (Relo) Propco, LLC",74247,2023-01-06,Minor NSR,Loudoun County,NORTHERN,,,,,,diesel,p. 7: not operate more than 32 hours per year for scheduled maintenance checks and readiness | p. 7: 500 hours per year for all purposes (as provided in Condition 3) combined,,raw/deq_va/74247_DC_Permit.pdf,True,permit_url;address;generator_count;generator_capacity_mw
"Amazon Data Services, Inc",74250,2025-06-24,Minor NSR,Loudoun County,Northern,,"IAD-156: 43920 Lone Cedar Lane,, IAD-157 & IAD-158: 25190 & 25410 Meadowdale Drive, IAD-159 and IAD-327: TBD, Chantilly, VA 20152",,,,diesel,"p. 9: shall not operate more than 32 hours per year for Scheduled MCRT, as provided in | p. 9: not operate more than 35 hours per year for Scheduled MCRT, as provided in | p. 10: 138, T1, and T2) shall not operate more than 500 hours per year for all purposes (as",,raw/deq_va/74250_DC_Permit.pdf,True,permit_url;generator_count;generator_capacity_mw
"Amazon Data Services, Inc",74252,2026-04-06,Minor NSR,Loudoun County,Northern,,"IAD-215, 44725 Gigabit Plaza, Ashburn, VA 20147",,,,diesel,"p. 8: 8, 10, 12, 14, 16, 18, 20, 22, 23, T1, and T2) shall not operate more than 32 hours per year | p. 8: and 21) shall not operate more than 35 hours per year for scheduled maintenance checks | p. 8: not operate more than 500 hours per year for all purposes (as provided in Condition 3)",,raw/deq_va/74252_DC_Permit.pdf,True,permit_url;generator_count;generator_capacity_mw
"NTT Global Data Centers VA10, LLC",74260,2026-04-03,Minor NSR,Prince William County,Northern,,"NTT Global Data Centers VA10, LLC, 7253 Grove Hill Road, Gainesville, VA 20155 (VA10), 7251 Grove Hill Road, Gainesville, VA 20155 (VA11)",,,,diesel,"p. 10: VA10, VA10-H, VA11, and VA11-H) shall not operate more than 32 hours per year for | p. 10: and VA11-H) shall not operate more than 500 hours per year for all purposes (as provided",,raw/deq_va/742602_DC_Permit.pdf,True,permit_url;generator_count;generator_capacity_mw
Digital Realty,74262,2026-06-24,Minor NSR,Prince William County and City of Manassas,Northern,,"9905 Godwin Dr and 10050 and 10051 Brickyard Way, Manassas, Virginia 20110",,,,diesel,"p. 12: BYPBB1, BYPBB2, and BYPBB1MW) shall not operate more than 25 hours per year for | p. 12: BYPBB1MW) shall not operate more than 500 hours per year for all purposes (as provided",,raw/deq_va/742624_DC_Permit.pdf,True,permit_url;generator_count;generator_capacity_mw
Digital Realty,74264,2024-09-20,Minor NSR,Loudoun County,Northern,,"22588 Relocation Drive, Sterling, Virginia 20166",,,,diesel,p. 9: operate more than 25 hours per year for scheduled maintenance checks and readiness,,raw/deq_va/74264_DC_Permit.pdf,True,permit_url;generator_count;generator_capacity_mw
Yondr JK 2 LLC,74265,2024-10-22,Minor NSR,Loudoun County,Northern,,"42455 Allegro Lane,, Aldie, Virginia 20105",,,,diesel,p. 9: through EG-121) shall not operate more than 30 hours per year for scheduled maintenance | p. 9: not operate more than 500 hours per year for all purposes (as provided in Condition 5),,raw/deq_va/742653_DC_Permit.pdf,True,permit_url;generator_count;generator_capacity_mw
"SI NVA06A, LLC",74269,,Minor NSR,Loudoun County,Northern,,"19265 & 19275 Compass Creek Parkway SE, Leesburg, VA 20175",,,,diesel,"p. 8: through EG-44) shall not operate more than 500 hours per year for all purposes (as | p. 8: more than 3,390 hours per year combined for all purposes (as provided in Condition 5) | p. 8: not operate more than 18 hours per year for scheduled maintenance checks and readiness",,raw/deq_va/742692_DC_Permit.pdf,True,issuance_date;permit_url;generator_count;generator_capacity_mw
"Amazon Data Services, Inc",74270,2023-10-25,Minor NSR,Culpeper County,NORTHERN,,"20420 Germanna Hwy, Stevensburg, VA 22741",,,,diesel,p. 7: 35) shall not operate more than 32 hours per year for scheduled maintenance checks and | p. 7: more than 500 hours per year for all purposes (as provided in Condition 3) combined,,raw/deq_va/74270_DC_Permit.pdf,True,permit_url;generator_count;generator_capacity_mw
"Amazon Data Services, Inc",74272,2023-10-25,Minor NSR,Fairfax County,NORTHERN,,"7961 Loisdale Rd, Springfield, VA 22150",,,,diesel,p. 7: 30) shall not operate more than 32 hours per year for scheduled maintenance checks and | p. 7: more than 500 hours per year for all purposes (as provided in Condition 3) combined,,raw/deq_va/74272_DC_Permit.pdf,True,permit_url;generator_count;generator_capacity_mw
"Amazon Data Services, Inc",74273,2023-12-19,Minor NSR,Fairfax County,NORTHERN,,"IAD-165, IAD-166, IAD-167, IAD-168,, and IAD-613 Data Centers, 13640, 13620, 13630, 13610, and 13650 EDS Drive, Herndon, VA 20171",,,,diesel,p. 8: 106) shall not operate more than 32 hours per year for scheduled maintenance checks and | p. 8: not operate more than 500 hours per year for all purposes (as provided in Condition 6),p. 10: 48.06 lb/hr 9.58 lb/hr 30.75 lb/hr 38.85 lb/hr | p. 10: 6.09 lb/hr 1.59 lb/hr 5.78 lb/hr 3.95 lb/hr | p. 10: 1.21 lb/hr 0.33 lb/hr 0.87 lb/hr 1.13 lb/hr,raw/deq_va/74273_DC_Permit.pdf,True,permit_url;generator_count;generator_capacity_mw
"Amazon Data Services, Inc",74274,2023-12-27,Minor NSR,Loudoun County,NORTHERN,,"24214, 24224, 24234, and 24244 Quail Ridge Lane, Aldie, VA 20105",,,,diesel,"p. 7: 96, T1, and T2) shall not operate more than 32 hours per year for scheduled maintenance | p. 7: not operate more than 500 hours per year for all purposes (as provided in Condition 3)",,raw/deq_va/74274_DC_Permit.pdf,True,permit_url;generator_count;generator_capacity_mw
"Ashburn Data Property Owner, L.P",74276,2023-11-13,Minor NSR,Loudoun County,NORTHERN,,"21800 Beaumeade Circle, Ashburn, VA 20147",,,,diesel,"p. 7: through EG26) shall not operate more than 24 hours per year for scheduled maintenance | p. 7: operate more than 500 hours per year for all purposes (as provided in Condition 3) | p. 7: operate more than 2,600 hours per year for all purposes (as provided in Condition 3)",p. 9: Hourly Limit (lb/hr) Annual Limit (tons/yr),raw/deq_va/74276_DC_Permit.pdf,True,permit_url;generator_count;generator_capacity_mw
"Amazon Data Services, Inc",74277,2025-08-21,Minor NSR,Prince William County,Northern,,"IAD-195, IAD-196, IAD-197, & IAD-198, 14495, 14475, 14455, and 14435 John Marshall Highway, Gainesville, Virginia 20155",,,,diesel,"p. 8: 108, T1, and T2) shall not operate more than 32 hours per year for scheduled maintenance | p. 8: shall not operate more than 500 hours per year for all purposes (as provided in Condition 3)",,raw/deq_va/74277_DC_Permit.pdf,True,permit_url;generator_count;generator_capacity_mw
"Amazon Data Services, Inc",74278,2023-10-31,Minor NSR,Prince William County,NORTHERN,,"IAD-210 & IAD-211, 11580 and 11600 Hayden Road, Manassas, Virginia 20109",,,,diesel,"p. 7: 42, T1, and T2) shall not operate more than 32 hours per year for scheduled maintenance | p. 7: not operate more than 500 hours per year for all purposes (as provided in Condition 3)",,raw/deq_va/74278_DC_Permit.pdf,True,permit_url;generator_count;generator_capacity_mw
"Vantage Data Centers VA3, LLC",74284,2026-01-05,Minor NSR,Loudoun County,Northern,,"Vantage Data Centers VA3, LLC, 19590 Belmont Ridge Road, Ashburn, VA 20147",,,,diesel,"p. 10: operate more than 500 hours per year for all purposes (as provided in Condition 5) | p. 10: combined shall not operate more than 37 hours per year when emissions are | p. 10: combined shall not operate more than 311,769 hours per year when emissions are",,raw/deq_va/742842_DC_Permit.pdf,True,permit_url;generator_count;generator_capacity_mw
"Vantage Data Centers VA16, LLC",74287,2024-10-15,Minor NSR,Loudoun County,Northern,,,,,,diesel,p. 7: through EG-22) shall not operate more than 29 hours per year for scheduled maintenance | p. 7: not operate more than 500 hours per year for all purposes (as provided in Condition 3),,raw/deq_va/74287_DC_Permit.pdf,True,permit_url;address;generator_count;generator_capacity_mw
"Amazon Data Services, Inc",74288,2026-06-01,Minor NSR,Spotsylvania County,Northern,,"IAD450 through IAD456 Cosner Tech, 3901 Massaponax Church Road, Fredericksburg, VA 22408",,,,diesel,p. 10: more than 500 hours per year for all purposes (as provided in Condition 6) | p. 10: more than 35 hours per year for Scheduled MCRT (as provided in Condition 6.c),p. 12: X 2 4.44 lb/hr | p. 12: X 2 53.48 lb/hr | p. 12: Particulate Matter (PM) 0.20 lb/hr,raw/deq_va/742882_DC_Permit.pdf,True,permit_url;generator_count;generator_capacity_mw
"CyrusOne, LLC",74290,2024-11-01,Minor NSR,Loudoun County,Northern,,"CyrusOne - NVA14, 21529 Beaumeade Circle, Ashburn, VA 20147",,,,diesel,p. 7: shall not operate more than 18 hours per year for scheduled maintenance checks and | p. 7: than 500 hours per year for all purposes (as provided in Condition 3) combined,,raw/deq_va/74290_DC_Permit.pdf,True,permit_url;generator_count;generator_capacity_mw
Kincora Data Center LLC,74296,2026-01-20,Minor NSR,Loudoun County,Northern,,"45695 Russell Branch Parkway, Dulles, VA 20166",,,,diesel,p. 8: operate more than 20 hours per year for scheduled maintenance checks and readiness | p. 8: hours per year for all purposes (as provided in Condition 5) combined,,raw/deq_va/74296_DC_Permit.pdf,True,permit_url;generator_count;generator_capacity_mw
"Amazon Data Services, Inc",74299,2026-02-20,Minor NSR,Louisa County,Northern,,"IAD-550 & IAD-556, 230 Haley Dr., Mineral, VA 23117",,,,diesel,p. 10: than 500 hours per year for all purposes (as provided in Condition 6) combined | p. 10: than 35 hours per year for Scheduled MCRT (as provided in Condition 6.c),p. 13: X 2 4.44 lb/hr | p. 13: X 2 53.48 lb/hr | p. 13: Particulate Matter (PM) 0.20 lb/hr,raw/deq_va/742992_DC_Permit.pdf,True,permit_url;generator_count;generator_capacity_mw
"Amazon Data Services, Inc",74300,2025-03-12,Minor NSR,Fairfax County,Northern,,"IAD-500 and IAD-501, 13860 and 13876 Redskin Drive, Herndon, Virginia",,,,diesel,p. 9: more than 500 hours per year for all purposes (as provided in Condition 6) combined | p. 9: more than 35 hours per year for Scheduled MCRT (as provided in Condition 6.c),p. 11: Nitrogen Oxides (NO as NO ) 53.30 lb/hr 4.42 lb/hr | p. 11: Particulate Matter (PM) 0.27 lb/hr | p. 11: Particulate Matter (PM ) 0.27 lb/hr,raw/deq_va/74300_DC_Permit.pdf,True,permit_url;generator_count;generator_capacity_mw
"Amazon Data Services, Inc",74301,2025-03-12,Minor NSR,Loudoun County,Northern,,"IAD-667, IAD-668, IAD-669, IAD-670, and IAD-671, 20575 and 20335 Celtic Park Drive and, 42367, 42590, and 42630 Patriot Park Drive,, Leesburg, Virginia",,,,diesel,p. 9: not operate more than 500 hours per year for all purposes (as provided in Condition 6) | p. 9: not operate more than 35 hours per year for Scheduled MCRT (as provided in,p. 11: Nitrogen Oxides (NO as NO ) 53.48 lb/hr 4.44 lb/hr | p. 11: Particulate Matter (PM) 0.20 lb/hr | p. 11: Particulate Matter (PM ) 0.20 lb/hr,raw/deq_va/74301_DC_Permit.pdf,True,permit_url;generator_count;generator_capacity_mw
"Amazon Data Services, Inc",74302,2026-07-15,Minor NSR,Loudoun County,Northern,,"45870 & 45955 Memphis Plaza, 22190, 22214, & 22279 Power Player Lane, Sterling, VA 20166",,,,diesel,p. 9: shall not operate more than 500 hours per year for all purposes (as provided in | p. 9: shall not operate more than 35 hours per year for Scheduled MCRT (as provided in,p. 12: X 2 4.46 lb/hr 4.45 lb/hr | p. 12: X 2 51.51 lb/hr 53.30 lb/hr | p. 12: 0.14 lb/hr 0.19 lb/hr,raw/deq_va/743021_DC_Permit.pdf,True,permit_url;generator_count;generator_capacity_mw
"MECP1 Ashburn 2, LLC",74306,2025-09-18,Minor NSR,Loudoun County,Northern,,"45831 Maries Road, Sterling, VA 20166",,,,diesel,p. 8: through GEN-42) shall not operate more than 29 hours per year for scheduled maintenance | p. 8: not operate more than 500 hours per year for all purposes (as provided in Condition 3),,raw/deq_va/743062_DC_Permit.pdf,True,permit_url;generator_count;generator_capacity_mw
"Digital Filigree, LLC",74308,2026-03-23,Minor NSR,Loudoun County,Northern,,,,,,diesel,p. 9: than 30 hours per year for scheduled maintenance checks and readiness testing | p. 9: than 500 hours per year for all purposes (as provided in Condition 6) combined,,raw/deq_va/743081_DC_Permit.pdf,True,permit_url;address;generator_count;generator_capacity_mw
"Amazon Data Services, Inc",74309,2025-03-27,Minor NSR,Stafford County,Northern,,"IAD-350 and IAD-351 Data Centers, 123 Old Potomac Church Road, Stafford, VA 22554",,,,diesel,"p. 8: through EG-48, HS-01, and HS-02) shall not operate more than 35 hours per year for | p. 8: and HS-02) shall not operate more than 500 hours per year for all purposes (as provided in",,raw/deq_va/74309_DC_Permit.pdf,True,permit_url;generator_count;generator_capacity_mw
"1501 Moran Road Development Owner, LLC",74315,2025-04-15,Minor NSR,Loudoun County,Northern,,"22425 Sous Vide Lane, Sterling, VA 20166",,,,diesel,p. 7: through GEN-24) shall not operate more than 29 hours per year for scheduled maintenance | p. 7: not operate more than 500 hours per year for all purposes (as provided in Condition 3),,raw/deq_va/74315_DC_Permit.pdf,True,permit_url;generator_count;generator_capacity_mw
"Amazon Data Services, Inc",74317,2025-08-28,Minor NSR,City of Manassas,Northern,,,,,,diesel,p. 10: T2) shall not operate more than 500 hours per year for all purposes (as provided in | p. 10: T2) shall not operate more than 35 hours per year for Scheduled MCRT (as provided,p. 13: 47.77 lb/hr 11.53 lb/hr 13.29 lb/hr | p. 13: 0.68 lb/hr 0.19 lb/hr 0.16 lb/hr | p. 13: 9.81 lb/hr 1.04 lb/hr 2.38 lb/hr,raw/deq_va/74317_DC_Permit.pdf,True,permit_url;address;generator_count;generator_capacity_mw
,74321,,Minor NSR,Loudoun County,Northern,,"Belmont Innovation Campus, 19560 Hyperspace Lane, Ashburn, VA 20147",,,,diesel,,,raw/deq_va/743211_DC_Permit.pdf,True,site_name;issuance_date;permit_url;generator_count;generator_capacity_mw
"Amazon Data Services, Inc",74323,,Minor NSR,Loudoun County,Northern,,"IAD-180, IAD-181, IAD-182, and IAD-183, 43975, 43649, 43855 and 43765 Light Speed Plaza, Sterling, Virginia 20166",,,,diesel,p. 10: T2) shall not operate more than 500 hours per year for all purposes (as provided in | p. 10: T2) shall not operate more than 35 hours per year for Scheduled MCRT (as provided,p. 15: 53.48 lb/hr 4.46 lb/hr 53.30 lb/hr 4.45 lb/hr | p. 15: 0.18 lb/hr 0.19 lb/hr | p. 15: 2.05 lb/hr 2.67 lb/hr,raw/deq_va/743232_DC_Permit.pdf,True,issuance_date;permit_url;generator_count;generator_capacity_mw
"Amazon Data Services, Inc",74329,2026-03-26,Minor NSR,Spotsylvania County,Northern,,"IAD870: 4195 Turner Ct, IAD871: 4197 Turner Ct, IAD872: 4193 Turner Ct, IAD873: 4191 Turner Ct, IAD874: 4199 Turner Ct, IAD875: TBD, IAD876: TBD, Fredericksburg, Virginia 22408",,,,diesel,p. 10: 02) shall not operate more than 500 hours per year for all purposes (as provided in | p. 10: 02) shall not operate more than 35 hours per year for Scheduled MCRT (as provided,p. 12: Nitrogen Oxides (NO as NO ) 16.82 lb/hr 13.28 lb/hr | p. 12: Particulate Matter (PM) 0.14 lb/hr 0.16 lb/hr | p. 12: Particulate Matter (PM ) 0.17 lb/hr 0.21 lb/hr,raw/deq_va/743292_DC_Permit.pdf,True,permit_url;generator_count;generator_capacity_mw
,74332,2026-01-30,Minor NSR,Fairfax County,Northern,,"13775 McLearen Road, Herndon, VA 20171",,,,diesel,"p. 8: operate more than 500 hours per year for all purposes (as provided in Condition 3) | p. 8: shall not operate more than 3,200 hours per year for all purposes (as provided in | p. 8: operate more than 29 hours per year for Scheduled MCRT (as provided in Condition",,raw/deq_va/743322_DC_Permit.pdf,True,site_name;permit_url;generator_count;generator_capacity_mw
Amazon Data Services IAD-45,74333,,Minor NSR,Prince William County,Northern,,"IAD-45, 8870 Hornbaker Rd, Manassas, Virginia 20109",,,,diesel,"p. 9: a. No single unit (Ref. Nos. 23, T1 and T2) shall operate more than 500 hours per year | p. 9: b. No single unit (Ref. Nos. 23, T1 and T2) shall operate more than 35 hours per year for",,raw/deq_va/743331_DC_Permit.pdf,True,issuance_date;permit_url;generator_count;generator_capacity_mw
"SDC Ashburn I, LLC",74335,2026-03-20,Minor NSR,Loudoun County,Northern,,"44595 Low Latency Lane, Sterling, VA 20166",,,,diesel,p. 9: through GEN-D6) shall not operate more than 48 hours per year for scheduled maintenance | p. 9: shall not operate more than 500 hours per year for all purposes (as provided in Condition 5),,raw/deq_va/743351_DC_Permit.pdf,True,permit_url;generator_count;generator_capacity_mw
"13832 Redskin Acquisition, LP",74336,2026-05-22,Minor NSR,Fairfax County,Northern,,"IAD05 Data Center (Building E) — 2860 Towerview Road,, IAD06 Data Center (Building F) — 2850 Towerview Road,, Herndon, Virginia 20171",,,,diesel,p. 9: and PBB-002) shall not operate more than 500 hours per year for all purposes (as | p. 9: and PBB-002) shall not operate more than 30 hours per year for Scheduled MCRT (as,,raw/deq_va/743361_DC_Permit.pdf,True,permit_url;generator_count;generator_capacity_mw
"Amazon Data Services, Inc",74337,2026-03-20,Minor NSR,Loudoun County,Northern,,"IAD-170, 42090 Reeds Farm Ln,, Stone Ridge, Virginia",,,,diesel,p. 9: more than 500 hours per year for all purposes (as provided in Condition 6) combined | p. 9: more than 35 hours per year for Scheduled MCRT (as provided in Condition 6.c),p. 12: Nitrogen Oxides (NO as NO ) 19.48 lb/hr 38.85 lb/hr | p. 12: Carbon Monoxide (CO) 2.25 lb/hr 3.92 lb/hr | p. 12: Volatile Organic Compounds (VOC) 0.71 lb/hr 1.14 lb/hr,raw/deq_va/743371_DC_Permit.pdf,True,permit_url;generator_count;generator_capacity_mw
"Vantage Data Centers VA41, LLC",74338,2026-05-12,Minor NSR,Stafford County,Northern,,"255 Centreport Parkway, Fredericksburg, VA 22406",,,,diesel,p. 7: operate more than 500 hours per year for all purposes (as provided in Condition 3) | p. 8: operate more than 29 hours per year for Scheduled MCRT (as provided in Condition,,raw/deq_va/743381_DC_Permit.pdf,True,permit_url;generator_count;generator_capacity_mw
Clean Arc Data Centers VA-1 LLC,74341,,Minor NSR,Caroline County,Northern,,"Intersection of Bull Church Rd and Ladysmith Rd, 38.020458, -77.486931",,,,diesel,"p. 10: 500 hours per year for all purposes (as provided in Condition 5), calculated daily as | p. 10: 300 hours per year when emissions are controlled by SCR calculated daily as the sum | p. 10: hours per year for scheduled maintenance checks and readiness testing (Scheduled",p. 13: Emission Factor (lb/hr),raw/deq_va/743411_DC_Permit.pdf,True,issuance_date;permit_url;generator_count;generator_capacity_mw
"Amazon Data Services, Inc",74342,2026-06-12,Minor NSR,Prince William County,Northern,,"IAD-110, IAD-111, IAD-112 and IAD-113, 7725, 7751, 7701, 7675 and 7741 Deacon Falls Drive, Gainesville, VA 20155",,,,diesel,p. 10: shall not operate more than 500 hours per year for all purposes (as provided in | p. 10: shall not operate more than 35 hours per year for Scheduled MCRT (as provided in,p. 13: 14.34 lb/hr 9.58 lb/hr 13.29 lb/hr | p. 13: 0.15 lb/hr 0.11 lb/hr 0.16 lb/hr | p. 13: 1.28 lb/hr 1.59 lb/hr 2.38 lb/hr,raw/deq_va/743421_DC_Permit.pdf,True,permit_url;generator_count;generator_capacity_mw
"DataBank Holdings Ltd – Data Center Culpeper, LLC",74348,2026-08-05,Minor NSR,Culpeper County,Northern,,"14605 and 14625 Germana Hwy, Culpeper, VA 22701",,,,diesel,"p. 9: H1, and EG6-H2) shall not operate more than 500 hours per year for all purposes (as | p. 9: H1, and EG6-H2) shall not operate more than 24 hours per year for Scheduled MCRT",p. 11: 29.18 lb/hr 26.60 lb/hr | p. 11: 4.24 lb/hr 2.25 lb/hr | p. 11: X 2 5.05 lb/hr 5.11 lb/hr,raw/deq_va/743481_DC_Permit.pdf,True,permit_url;generator_count;generator_capacity_mw
"Amazon Data Services, Inc",74349,2026-07-29,Minor NSR,Prince William County,,,"IAD-264, 13720 University Blvd, Gainesville, VA 20155",,,,diesel,p. 8: not operate more than 16 hours per year for scheduled maintenance checks and | p. 8: not operate more than 500 hours per year for all purposes (as provided in Condition 5),p. 10: Nitrogen Oxides (NO as NO ) 43.46 lb/hr | p. 10: Carbon Monoxide (CO) 6.95 lb/hr | p. 10: 2.58 lb/hr,raw/deq_va/743491_DC_Permit.pdf,True,regional_office;permit_url;generator_count;generator_capacity_mw
Cardinal Energy Corporation,80941,2025-10-02,Minor NSR,Frederick County,Valley,,,,,,,"p. 7: and Gen7) shall not operate for more than 1,800 hours per year, calculated monthly as the",,raw/deq_va/809416_DC_Permit.pdf,False,permit_url;address;generator_count;generator_capacity_mw
DBT-DATA Cyber Integrated Center,81609,2013-10-25,New Source Review,City of Harrisonburg,VALLEY,,,,,,,,p. 7: Nitrogen Oxides 48.11 lb/hr | p. 7: Sulfur Dioxide 1.46 lb/hr | p. 7: Carbon Monoxide 5.86 lb/hr,raw/deq_va/81609_DC_Permit.pdf,False,permit_url;address;generator_count;generator_capacity_mw
