deq_site_name,deq_registration_number,landmarc_project_id,landmarc_project_name,name_confidence,address_confidence,parcel_confidence,overall_confidence,confidence_basis,review_status
"Meridian Science 7990, LLC",71804,lm-a7097f8ee747,WATERSIDE PROJECT,0.3333333333333333,,,0.3333333333333333,name,unreviewed
"Meridian Science 7990, LLC",71804,lm-75ee4f107a53,UNIVERSITY CENTER PROJECT,0.32,,,0.32,name,unreviewed
,72367,lm-4aede19eb362,,,0.6451612903225806,,0.6451612903225806,address,unreviewed
,72367,lm-f7ef8f981a99,,,0.6451612903225806,,0.6451612903225806,address,unreviewed
,72367,lm-1a10901cf029,,,0.6290322580645161,,0.6290322580645161,address,unreviewed
,73160,lm-296784dff6b3,,,0.4046242774566474,,0.4046242774566474,address,unreviewed
,73160,lm-8f94fcebd9a9,,,0.4022346368715084,,0.4022346368715084,address,unreviewed
,73160,lm-959e0394e597,,,0.4022346368715084,,0.4022346368715084,address,unreviewed
"Equinix, LLC",73233,lm-ac0dc32b13b5,,,0.6285714285714286,,0.6285714285714286,address,unreviewed
"Equinix, LLC",73233,lm-41a57fb30dc6,,,0.5420560747663551,,0.5420560747663551,address,unreviewed
"Equinix, LLC",73233,lm-9137fc531685,,,0.5384615384615384,,0.5384615384615384,address,unreviewed
21571 Beaumeade Circle LLC,73240,lm-5589c269eec5,,,0.8888888888888888,,0.888888888888889,address,unreviewed
21571 Beaumeade Circle LLC,73240,lm-1baa9af1edc2,,,0.8641975308641975,,0.8641975308641975,address,unreviewed
21571 Beaumeade Circle LLC,73240,lm-25071c174452,,,0.8395061728395061,,0.8395061728395061,address,unreviewed
"Amazon Data Services, Inc",73294,lm-09e176142758,SILVER DISTRICT WEST PROJECT,0.38461538461538464,,,0.38461538461538464,name,unreviewed
"Amazon Data Services, Inc",73294,lm-1943bce07f9c,SILVER DISTRICT WEST PROJECT,0.38461538461538464,,,0.38461538461538464,name,unreviewed
"Amazon Data Services, Inc",73294,lm-9cddbbe14399,SILVER DISTRICT WEST PROJECT,0.38461538461538464,,,0.38461538461538464,name,unreviewed
"New Dominion Technology Park, LLC",73369,lm-75ee4f107a53,UNIVERSITY CENTER PROJECT,0.3157894736842105,,,0.3157894736842105,name,unreviewed
"Elk Ventures, LLC (ACC 9)",73370,lm-c033d59b702d,,,0.961038961038961,,0.961038961038961,address,unreviewed
"Elk Ventures, LLC (ACC 9)",73370,lm-c9daa80f997f,,,0.961038961038961,,0.961038961038961,address,unreviewed
"Elk Ventures, LLC (ACC 9)",73370,lm-a3a1f069fa80,,,0.935064935064935,,0.935064935064935,address,unreviewed
"Gazelle Ventures, LLC (ACC10)",73370,lm-a3a1f069fa80,,,0.9210526315789473,,0.9210526315789473,address,unreviewed
"Gazelle Ventures, LLC (ACC10)",73370,lm-c033d59b702d,,,0.8947368421052632,,0.8947368421052632,address,unreviewed
"Gazelle Ventures, LLC (ACC10)",73370,lm-c9daa80f997f,,,0.8947368421052632,,0.8947368421052632,address,unreviewed
Corporate Office Properties Trust (COPT),73683,lm-56705468a408,,,0.46511627906976744,,0.46511627906976744,address,unreviewed
Corporate Office Properties Trust (COPT),73683,lm-cb9726a291bf,,,0.46511627906976744,,0.46511627906976744,address,unreviewed
Corporate Office Properties Trust (COPT),73683,lm-ede96c912ff0,,,0.46511627906976744,,0.46511627906976744,address,unreviewed
"Zayo Group, LLC",73717,lm-1439f12727a0,,,0.4044943820224719,,0.4044943820224719,address,unreviewed
"Zayo Group, LLC",73717,lm-1baa9af1edc2,,,0.40425531914893614,,0.40425531914893614,address,unreviewed
"Zayo Group, LLC",73717,lm-6a54d7bcb226,,,0.40425531914893614,,0.40425531914893614,address,unreviewed
"Amazon Data Services, Inc",73741,lm-09e176142758,SILVER DISTRICT WEST PROJECT,0.38461538461538464,,,0.38461538461538464,name,unreviewed
"Amazon Data Services, Inc",73741,lm-1943bce07f9c,SILVER DISTRICT WEST PROJECT,0.38461538461538464,,,0.38461538461538464,name,unreviewed
"Amazon Data Services, Inc",73741,lm-9cddbbe14399,SILVER DISTRICT WEST PROJECT,0.38461538461538464,,,0.38461538461538464,name,unreviewed
DataBank Holdings Ltd,73743,lm-48d2e0522c71,,,0.616822429906542,,0.616822429906542,address,unreviewed
DataBank Holdings Ltd,73743,lm-ee176bf319a4,,,0.616822429906542,,0.616822429906542,address,unreviewed
DataBank Holdings Ltd,73743,lm-32b7d4d085e5,,,0.5689655172413793,,0.5689655172413793,address,unreviewed
,73757,lm-6530362f301b,,,0.6197183098591549,,0.6197183098591549,address,unreviewed
,73757,lm-27b0a00d5637,,,0.5915492957746479,,0.5915492957746479,address,unreviewed
,73757,lm-4a0fb18a053c,,,0.5915492957746479,,0.5915492957746479,address,unreviewed
"Amazon Data Services, Inc",73853,lm-09e176142758,SILVER DISTRICT WEST PROJECT,0.38461538461538464,,,0.38461538461538464,name,unreviewed
"Amazon Data Services, Inc",73853,lm-1943bce07f9c,SILVER DISTRICT WEST PROJECT,0.38461538461538464,,,0.38461538461538464,name,unreviewed
"Amazon Data Services, Inc",73853,lm-9cddbbe14399,SILVER DISTRICT WEST PROJECT,0.38461538461538464,,,0.38461538461538464,name,unreviewed
"Amazon Data Services, Inc",73860,lm-09e176142758,SILVER DISTRICT WEST PROJECT,0.38461538461538464,,,0.38461538461538464,name,unreviewed
"Amazon Data Services, Inc",73860,lm-1943bce07f9c,SILVER DISTRICT WEST PROJECT,0.38461538461538464,,,0.38461538461538464,name,unreviewed
"Amazon Data Services, Inc",73860,lm-9cddbbe14399,SILVER DISTRICT WEST PROJECT,0.38461538461538464,,,0.38461538461538464,name,unreviewed
"Equinix, LLC",73946,lm-3da30948c26a,KINCORA PROJECT,0.3076923076923077,,,0.3076923076923077,name,unreviewed
"Equinix, LLC",73946,lm-45d540cd4ec7,KINCORA PROJECT,0.3076923076923077,,,0.3076923076923077,name,unreviewed
"Equinix, LLC",73946,lm-69a9f60e1ac0,KINCORA PROJECT,0.3076923076923077,,,0.3076923076923077,name,unreviewed
"Amazon Data Services, Inc",74049,lm-259317af2474,,,0.41624365482233505,,0.41624365482233505,address,unreviewed
"Amazon Data Services, Inc",74049,lm-b9d0044f073c,,,0.3917525773195876,,0.3917525773195876,address,unreviewed
"Amazon Data Services, Inc",74049,lm-1943bce07f9c,SILVER DISTRICT WEST PROJECT,0.38461538461538464,,,0.38461538461538464,name,unreviewed
"Amazon Data Services, Inc",74052,lm-1943bce07f9c,SILVER DISTRICT WEST PROJECT,0.38461538461538464,,,0.38461538461538464,name,unreviewed
"Amazon Data Services, Inc",74052,lm-1e287191725e,TUSCARORA CROSSING PROJECT,0.36,,,0.36,name,unreviewed
"Amazon Data Services, Inc",74052,lm-75ee4f107a53,UNIVERSITY CENTER PROJECT,0.32653061224489793,,,0.32653061224489793,name,unreviewed
"Amazon Data Services, Inc",74063,lm-09e176142758,SILVER DISTRICT WEST PROJECT,0.38461538461538464,,,0.38461538461538464,name,unreviewed
"Amazon Data Services, Inc",74063,lm-1943bce07f9c,SILVER DISTRICT WEST PROJECT,0.38461538461538464,,,0.38461538461538464,name,unreviewed
"Amazon Data Services, Inc",74063,lm-9cddbbe14399,SILVER DISTRICT WEST PROJECT,0.38461538461538464,,,0.38461538461538464,name,unreviewed
"Amazon Data Services, Inc",74080,lm-09e176142758,SILVER DISTRICT WEST PROJECT,0.38461538461538464,,,0.38461538461538464,name,unreviewed
"Amazon Data Services, Inc",74080,lm-1943bce07f9c,SILVER DISTRICT WEST PROJECT,0.38461538461538464,,,0.38461538461538464,name,unreviewed
"Amazon Data Services, Inc",74080,lm-9cddbbe14399,SILVER DISTRICT WEST PROJECT,0.38461538461538464,,,0.38461538461538464,name,unreviewed
"Amazon Data Services, Inc",74081,lm-1943bce07f9c,SILVER DISTRICT WEST PROJECT,0.38461538461538464,,,0.38461538461538464,name,unreviewed
"Amazon Data Services, Inc",74081,lm-1e287191725e,TUSCARORA CROSSING PROJECT,0.36,,,0.36,name,unreviewed
"Amazon Data Services, Inc",74081,lm-9cddbbe14399,SILVER DISTRICT WEST PROJECT,0.38461538461538464,0.23076923076923078,,0.3269230769230769,address+name,unreviewed
"Amazon Data Services, Inc",74085,lm-1943bce07f9c,SILVER DISTRICT WEST PROJECT,0.38461538461538464,,,0.38461538461538464,name,unreviewed
"Amazon Data Services, Inc",74085,lm-eeab6951e403,,,0.3695652173913043,,0.3695652173913043,address,unreviewed
"Amazon Data Services, Inc",74085,lm-1e287191725e,TUSCARORA CROSSING PROJECT,0.36,,,0.36,name,unreviewed
"CyrusOne, LLC",74086,lm-3da30948c26a,KINCORA PROJECT,0.37037037037037035,,,0.37037037037037035,name,unreviewed
"CyrusOne, LLC",74086,lm-45d540cd4ec7,KINCORA PROJECT,0.37037037037037035,,,0.37037037037037035,name,unreviewed
"CyrusOne, LLC",74086,lm-69a9f60e1ac0,KINCORA PROJECT,0.37037037037037035,,,0.37037037037037035,name,unreviewed
"RagingWire Data Centers, Inc",74094,lm-75ee4f107a53,UNIVERSITY CENTER PROJECT,0.46153846153846156,,,0.46153846153846156,name,unreviewed
"RagingWire Data Centers, Inc",74094,lm-48b4b8aa12cc,ARCOLA CENTER PROJECT,0.4583333333333333,,,0.4583333333333333,name,unreviewed
"RagingWire Data Centers, Inc",74094,lm-a86590d462a3,ARCOLA CENTER PROJECT,0.4583333333333333,,,0.4583333333333333,name,unreviewed
Abteen Ventures LLC (MCC1),74107,lm-48b4b8aa12cc,ARCOLA CENTER PROJECT,0.35555555555555557,,,0.35555555555555557,name,unreviewed
Abteen Ventures LLC (MCC1),74107,lm-a86590d462a3,ARCOLA CENTER PROJECT,0.35555555555555557,,,0.35555555555555557,name,unreviewed
Abteen Ventures LLC (MCC1),74107,lm-a7097f8ee747,WATERSIDE PROJECT,0.34146341463414637,,,0.34146341463414637,name,unreviewed
"CyrusOne, LLC",74109,lm-3da30948c26a,KINCORA PROJECT,0.37037037037037035,,,0.37037037037037035,name,unreviewed
"CyrusOne, LLC",74109,lm-45d540cd4ec7,KINCORA PROJECT,0.37037037037037035,,,0.37037037037037035,name,unreviewed
"CyrusOne, LLC",74109,lm-69a9f60e1ac0,KINCORA PROJECT,0.37037037037037035,,,0.37037037037037035,name,unreviewed
"CyrusOne, LLC",74114,lm-3da30948c26a,KINCORA PROJECT,0.37037037037037035,,,0.37037037037037035,name,unreviewed
"CyrusOne, LLC",74114,lm-45d540cd4ec7,KINCORA PROJECT,0.37037037037037035,,,0.37037037037037035,name,unreviewed
"CyrusOne, LLC",74114,lm-69a9f60e1ac0,KINCORA PROJECT,0.37037037037037035,,,0.37037037037037035,name,unreviewed
"Amazon Data Services, Inc",74115,lm-1943bce07f9c,SILVER DISTRICT WEST PROJECT,0.38461538461538464,,,0.38461538461538464,name,unreviewed
"Amazon Data Services, Inc",74115,lm-1e287191725e,TUSCARORA CROSSING PROJECT,0.36,,,0.36,name,unreviewed
"Amazon Data Services, Inc",74115,lm-75ee4f107a53,UNIVERSITY CENTER PROJECT,0.32653061224489793,,,0.32653061224489793,name,unreviewed
Cashvad Ventures LLC,74118,lm-e442c065b7bb,,,0.5128205128205128,,0.5128205128205128,address,unreviewed
Cashvad Ventures LLC,74118,lm-8f94fcebd9a9,,,0.5116279069767442,,0.5116279069767442,address,unreviewed
Cashvad Ventures LLC,74118,lm-959e0394e597,,,0.5116279069767442,,0.5116279069767442,address,unreviewed
"NTT Global Data Centers Americas, Inc",74120,lm-48b4b8aa12cc,ARCOLA CENTER PROJECT,0.42105263157894735,,,0.42105263157894735,name,unreviewed
"NTT Global Data Centers Americas, Inc",74120,lm-a86590d462a3,ARCOLA CENTER PROJECT,0.42105263157894735,,,0.42105263157894735,name,unreviewed
"NTT Global Data Centers Americas, Inc",74120,lm-75ee4f107a53,UNIVERSITY CENTER PROJECT,0.39344262295081966,,,0.39344262295081966,name,unreviewed
"Amazon Data Services, Inc",74121,lm-2825418659fc,,,0.5555555555555556,,0.5555555555555556,address,unreviewed
"Amazon Data Services, Inc",74121,lm-8245eac1abbf,,,0.47540983606557374,,0.4754098360655737,address,unreviewed
"Amazon Data Services, Inc",74121,lm-827e5c958201,,,0.47540983606557374,,0.4754098360655737,address,unreviewed
Digital Realty,74126,lm-1943bce07f9c,SILVER DISTRICT WEST PROJECT,0.38095238095238093,,,0.38095238095238093,name,unreviewed
Digital Realty,74126,lm-75ee4f107a53,UNIVERSITY CENTER PROJECT,0.358974358974359,,,0.358974358974359,name,unreviewed
Digital Realty,74126,lm-24ecab3a082f,,,0.34080717488789236,,0.34080717488789236,address,unreviewed
Data Center Vint Hill LLC,74127,lm-48b4b8aa12cc,ARCOLA CENTER PROJECT,0.4782608695652174,,,0.4782608695652174,name,unreviewed
Data Center Vint Hill LLC,74127,lm-e43b03fa6a91,,,0.42718446601941745,,0.4271844660194174,address,unreviewed
Data Center Vint Hill LLC,74127,lm-36325933574a,,,0.42,,0.42000000000000004,address,unreviewed
"Amazon Data Services, Inc",74129,lm-1943bce07f9c,SILVER DISTRICT WEST PROJECT,0.38461538461538464,,,0.38461538461538464,name,unreviewed
"Amazon Data Services, Inc",74129,lm-1e287191725e,TUSCARORA CROSSING PROJECT,0.36,,,0.36,name,unreviewed
"Amazon Data Services, Inc",74129,lm-09e176142758,SILVER DISTRICT WEST PROJECT,0.38461538461538464,0.24489795918367346,,0.3322213500784929,address+name,unreviewed
"CoreSite Real Estate Sunrise Technology Park, LLC",74130,lm-75ee4f107a53,UNIVERSITY CENTER PROJECT,0.3013698630136986,,,0.3013698630136986,name,unreviewed
"QTS Investment Properties Ashburn, LLC",74141,lm-c935014d4cd6,,,0.6730769230769231,,0.6730769230769231,address,unreviewed
"QTS Investment Properties Ashburn, LLC",74141,lm-d34ba0b4dced,,,0.6730769230769231,,0.6730769230769231,address,unreviewed
"QTS Investment Properties Ashburn, LLC",74141,lm-a51ee163cfab,,,0.6601941747572816,,0.6601941747572816,address,unreviewed
"Equinix, LLC",74147,lm-69470225ea21,,,0.6944444444444444,,0.6944444444444444,address,unreviewed
"Equinix, LLC",74147,lm-7dd1963696e5,,,0.6666666666666666,,0.6666666666666666,address,unreviewed
"Equinix, LLC",74147,lm-bf2729c299de,,,0.6233766233766234,,0.6233766233766234,address,unreviewed
"Amazon Data Services, Inc",74150,lm-908b0bd09268,,,0.6666666666666666,,0.6666666666666666,address,unreviewed
"Amazon Data Services, Inc",74150,lm-b3204f14e8de,,,0.6666666666666666,,0.6666666666666666,address,unreviewed
"Amazon Data Services, Inc",74150,lm-100fa9858029,,,0.6349206349206349,,0.6349206349206349,address,unreviewed
,74152,lm-a86590d462a3,ARCOLA CENTER PROJECT,,0.9285714285714286,,0.9285714285714286,address,unreviewed
,74152,lm-7b2b43008160,,,0.7397260273972602,,0.7397260273972602,address,unreviewed
,74152,lm-6c73a56502ac,,,0.725,,0.725,address,unreviewed
"Amazon Data Services, Inc",74153,lm-ceb228f8ac23,,,0.5263157894736842,,0.5263157894736842,address,unreviewed
"Amazon Data Services, Inc",74153,lm-d2c23a08aca5,,,0.5263157894736842,,0.5263157894736842,address,unreviewed
"Amazon Data Services, Inc",74153,lm-4a1c9f5ac594,,,0.5131578947368421,,0.5131578947368421,address,unreviewed
Aerospace Data Facility – East,74154,lm-ac60df9bda02,,,0.3898305084745763,,0.3898305084745763,address,unreviewed
Aerospace Data Facility – East,74154,lm-968088e8ceb9,,,0.3728813559322034,,0.3728813559322034,address,unreviewed
Aerospace Data Facility – East,74154,lm-796a458c7f77,,,0.37037037037037035,,0.37037037037037035,address,unreviewed
Iskandar Ventures LLC (LC1A),74155,lm-48b4b8aa12cc,ARCOLA CENTER PROJECT,0.3829787234042553,,,0.3829787234042553,name,unreviewed
Iskandar Ventures LLC (LC1A),74155,lm-a86590d462a3,ARCOLA CENTER PROJECT,0.3829787234042553,,,0.3829787234042553,name,unreviewed
Iskandar Ventures LLC (LC1A),74155,lm-75ee4f107a53,UNIVERSITY CENTER PROJECT,0.35294117647058826,,,0.35294117647058826,name,unreviewed
,74156,lm-3297cfebdb04,,,0.9117647058823529,,0.9117647058823529,address,unreviewed
,74156,lm-abd35b3023cd,,,0.7605633802816901,,0.7605633802816901,address,unreviewed
,74156,lm-131821032585,,,0.7536231884057971,,0.7536231884057971,address,unreviewed
"Compass Datacenters, LLC",74160,lm-48b4b8aa12cc,ARCOLA CENTER PROJECT,0.5454545454545454,,,0.5454545454545454,name,unreviewed
"Compass Datacenters, LLC",74160,lm-a86590d462a3,ARCOLA CENTER PROJECT,0.5454545454545454,,,0.5454545454545454,name,unreviewed
"Compass Datacenters, LLC",74160,lm-75ee4f107a53,UNIVERSITY CENTER PROJECT,0.4166666666666667,,,0.4166666666666667,name,unreviewed
"QTS Investment Properties Manassas, LLC",74161,lm-75ee4f107a53,UNIVERSITY CENTER PROJECT,0.4444444444444444,,,0.4444444444444444,name,unreviewed
"QTS Investment Properties Manassas, LLC",74161,lm-1943bce07f9c,SILVER DISTRICT WEST PROJECT,0.42424242424242425,,,0.42424242424242425,name,unreviewed
"QTS Investment Properties Manassas, LLC",74161,lm-6be645edefab,,,0.3918918918918919,,0.3918918918918919,address,unreviewed
"Vantage Data Centers, LLC",74162,lm-6b242c2e92d4,,,0.975609756097561,,0.975609756097561,address,unreviewed
"Vantage Data Centers, LLC",74162,lm-0b9dba6b5ac6,,,0.926829268292683,,0.9268292682926831,address,unreviewed
"Vantage Data Centers, LLC",74162,lm-589a7ea208f6,,,0.926829268292683,,0.9268292682926831,address,unreviewed
Hayden Technologies LLC,74163,lm-eced286747eb,,,0.9512195121951219,,0.9512195121951219,address,unreviewed
Hayden Technologies LLC,74163,lm-7a4b2c8593af,,,0.7105263157894737,,0.7105263157894737,address,unreviewed
Hayden Technologies LLC,74163,lm-6530362f301b,,,0.6419753086419753,,0.6419753086419753,address,unreviewed
,74164,lm-24fc08be1db1,,,0.6226415094339622,,0.6226415094339622,address,unreviewed
,74164,lm-99c1bd0832b0,,,0.5849056603773585,,0.5849056603773585,address,unreviewed
,74164,lm-cd0809347950,,,0.5849056603773585,,0.5849056603773585,address,unreviewed
"Aligned Energy, LLC",74169,lm-69470225ea21,,,0.4626865671641791,,0.4626865671641791,address,unreviewed
"Aligned Energy, LLC",74169,lm-7dd1963696e5,,,0.4626865671641791,,0.4626865671641791,address,unreviewed
"Aligned Energy, LLC",74169,lm-48b4b8aa12cc,ARCOLA CENTER PROJECT,0.46153846153846156,,,0.46153846153846156,name,unreviewed
"Amazon Data Services, Inc",74170,lm-cd0809347950,,,0.528,,0.528,address,unreviewed
"Amazon Data Services, Inc",74170,lm-cf801a7fdee0,,,0.528,,0.528,address,unreviewed
"Amazon Data Services, Inc",74170,lm-24fc08be1db1,,,0.496,,0.496,address,unreviewed
Amazon Data Services,74171,lm-c0f488a74683,,,0.358974358974359,,0.358974358974359,address,unreviewed
Amazon Data Services,74171,lm-25d57f5679c4,,,0.34615384615384615,,0.34615384615384615,address,unreviewed
Amazon Data Services,74171,lm-3ee4bd044773,,,0.34615384615384615,,0.34615384615384615,address,unreviewed
Remington Technology Park Limited Partnership,74172,lm-f757ee32b181,,,0.42,,0.42000000000000004,address,unreviewed
Remington Technology Park Limited Partnership,74172,lm-5a2cf0b51d11,,,0.4,,0.4,address,unreviewed
Remington Technology Park Limited Partnership,74172,lm-1b685a9aba33,,,0.39215686274509803,,0.39215686274509803,address,unreviewed
"Vadata, Inc",74174,lm-2f43c0a83220,,,0.5693430656934306,,0.5693430656934306,address,unreviewed
"Vadata, Inc",74174,lm-742f00d6e845,,,0.4153846153846154,,0.4153846153846154,address,unreviewed
"Vadata, Inc",74174,lm-a23a1cd8c282,,,0.4153846153846154,,0.4153846153846154,address,unreviewed
,74181,lm-610557a9b570,,,0.6111111111111112,,0.6111111111111112,address,unreviewed
,74181,lm-db2b0923b629,,,0.6111111111111112,,0.6111111111111112,address,unreviewed
,74181,lm-0a5b99d1f304,,,0.543859649122807,,0.543859649122807,address,unreviewed
"Amazon Data Services, Inc",74184,lm-1943bce07f9c,SILVER DISTRICT WEST PROJECT,0.38461538461538464,,,0.38461538461538464,name,unreviewed
"Amazon Data Services, Inc",74184,lm-1e287191725e,TUSCARORA CROSSING PROJECT,0.36,,,0.36,name,unreviewed
"Amazon Data Services, Inc",74184,lm-c647eee00e02,,,0.336283185840708,,0.336283185840708,address,unreviewed
"Equinix, LLC",74189,lm-3da30948c26a,KINCORA PROJECT,0.3076923076923077,,,0.3076923076923077,name,unreviewed
"Equinix, LLC",74189,lm-45d540cd4ec7,KINCORA PROJECT,0.3076923076923077,,,0.3076923076923077,name,unreviewed
"Equinix, LLC",74189,lm-69a9f60e1ac0,KINCORA PROJECT,0.3076923076923077,,,0.3076923076923077,name,unreviewed
"Amazon Data Services, Inc",74190,lm-09e176142758,SILVER DISTRICT WEST PROJECT,0.38461538461538464,,,0.38461538461538464,name,unreviewed
"Amazon Data Services, Inc",74190,lm-1943bce07f9c,SILVER DISTRICT WEST PROJECT,0.38461538461538464,,,0.38461538461538464,name,unreviewed
"Amazon Data Services, Inc",74190,lm-9cddbbe14399,SILVER DISTRICT WEST PROJECT,0.38461538461538464,,,0.38461538461538464,name,unreviewed
"QTS Shellhorn, LLC",74197,lm-ede96c912ff0,,,0.625,,0.625,address,unreviewed
"QTS Shellhorn, LLC",74197,lm-fc2cf473609f,,,0.625,,0.625,address,unreviewed
"QTS Shellhorn, LLC",74197,lm-cb9726a291bf,,,0.5892857142857143,,0.5892857142857143,address,unreviewed
"Amazon Data Services, Inc",74198,lm-6d759284252e,,,0.625,,0.625,address,unreviewed
"Amazon Data Services, Inc",74198,lm-fc2cf473609f,,,0.56,,0.56,address,unreviewed
"Amazon Data Services, Inc",74198,lm-4646f3fa834d,,,0.547945205479452,,0.547945205479452,address,unreviewed
Microsoft Corporation,74201,lm-6d759284252e,,,0.625,,0.625,address,unreviewed
Microsoft Corporation,74201,lm-fc2cf473609f,,,0.56,,0.56,address,unreviewed
Microsoft Corporation,74201,lm-4646f3fa834d,,,0.547945205479452,,0.547945205479452,address,unreviewed
"Amazon Data Services, Inc",74205,lm-29da938eb737,,,0.5142857142857142,,0.5142857142857142,address,unreviewed
"Amazon Data Services, Inc",74205,lm-25d57f5679c4,,,0.46153846153846156,,0.46153846153846156,address,unreviewed
"Amazon Data Services, Inc",74205,lm-3ee4bd044773,,,0.46153846153846156,,0.46153846153846156,address,unreviewed
"Amazon Data Services, Inc",74207,lm-a51ee163cfab,,,0.4691358024691358,,0.4691358024691358,address,unreviewed
"Amazon Data Services, Inc",74207,lm-e440878b58db,,,0.4691358024691358,,0.4691358024691358,address,unreviewed
"Amazon Data Services, Inc",74207,lm-596eeed215ad,,,0.4578313253012048,,0.4578313253012048,address,unreviewed
"Digital Realty/Digital Western Lands, LLC",74212,lm-09e176142758,SILVER DISTRICT WEST PROJECT,0.4411764705882353,,,0.4411764705882353,name,unreviewed
"Digital Realty/Digital Western Lands, LLC",74212,lm-1943bce07f9c,SILVER DISTRICT WEST PROJECT,0.4411764705882353,,,0.4411764705882353,name,unreviewed
"Digital Realty/Digital Western Lands, LLC",74212,lm-9cddbbe14399,SILVER DISTRICT WEST PROJECT,0.4411764705882353,,,0.4411764705882353,name,unreviewed
"Amazon Data Services, Inc",74214,lm-1943bce07f9c,SILVER DISTRICT WEST PROJECT,0.38461538461538464,,,0.38461538461538464,name,unreviewed
"Amazon Data Services, Inc",74214,lm-9cddbbe14399,SILVER DISTRICT WEST PROJECT,0.38461538461538464,0.32673267326732675,,0.3629093678598629,address+name,unreviewed
"Amazon Data Services, Inc",74214,lm-1e287191725e,TUSCARORA CROSSING PROJECT,0.36,,,0.36,name,unreviewed
Nova Mango Farms LLC,74216,lm-7a4b2c8593af,,,0.5405405405405406,,0.5405405405405406,address,unreviewed
Nova Mango Farms LLC,74216,lm-29da938eb737,,,0.5263157894736842,,0.5263157894736842,address,unreviewed
Nova Mango Farms LLC,74216,lm-33fae4976f91,,,0.5066666666666667,,0.5066666666666667,address,unreviewed
Microsoft Corporation,74220,lm-947872cc72ae,,,0.6349206349206349,,0.6349206349206349,address,unreviewed
Microsoft Corporation,74220,lm-2399b54afc66,,,0.6201550387596899,,0.6201550387596899,address,unreviewed
Microsoft Corporation,74220,lm-8207756b1bb6,,,0.6201550387596899,,0.6201550387596899,address,unreviewed
Microsoft Corporation,74221,lm-d7cd0817b466,,,0.5891472868217055,,0.5891472868217055,address,unreviewed
Microsoft Corporation,74221,lm-1b0378f74301,,,0.4186046511627907,,0.4186046511627908,address,unreviewed
Microsoft Corporation,74221,lm-1ff3e16eeb0c,,,0.4032258064516129,,0.4032258064516129,address,unreviewed
"SI NVA02D, LLC",74224,lm-75ee4f107a53,UNIVERSITY CENTER PROJECT,0.3157894736842105,,,0.3157894736842105,name,unreviewed
"Amazon Data Services, Inc",74227,lm-09e176142758,SILVER DISTRICT WEST PROJECT,0.38461538461538464,,,0.38461538461538464,name,unreviewed
"Amazon Data Services, Inc",74227,lm-1943bce07f9c,SILVER DISTRICT WEST PROJECT,0.38461538461538464,,,0.38461538461538464,name,unreviewed
"Amazon Data Services, Inc",74227,lm-9cddbbe14399,SILVER DISTRICT WEST PROJECT,0.38461538461538464,,,0.38461538461538464,name,unreviewed
"QTS Investment Properties Ashburn II, LLC",74232,lm-5f1d866c632c,,,0.7428571428571429,,0.7428571428571429,address,unreviewed
"QTS Investment Properties Ashburn II, LLC",74232,lm-9d2a4a779010,,,0.7428571428571429,,0.7428571428571429,address,unreviewed
"QTS Investment Properties Ashburn II, LLC",74232,lm-2ae74ed7fbf7,,,0.6078431372549019,,0.6078431372549019,address,unreviewed
,74234,lm-c60cea1a20ef,,,0.5508982035928144,,0.5508982035928144,address,unreviewed
,74234,lm-1a10901cf029,,,0.5316455696202531,,0.5316455696202531,address,unreviewed
,74234,lm-535436f70ad0,,,0.5316455696202531,,0.5316455696202531,address,unreviewed
Cologix,74235,lm-1baa9af1edc2,,,0.9722222222222222,,0.9722222222222221,address,unreviewed
Cologix,74235,lm-41a57fb30dc6,,,0.9722222222222222,,0.9722222222222221,address,unreviewed
Cologix,74235,lm-25071c174452,,,0.9444444444444444,,0.9444444444444444,address,unreviewed
Gainesville (MNZ03) Data Center,74236,lm-75ee4f107a53,UNIVERSITY CENTER PROJECT,0.4444444444444444,,,0.4444444444444444,name,unreviewed
Gainesville (MNZ03) Data Center,74236,lm-48b4b8aa12cc,ARCOLA CENTER PROJECT,0.4,,,0.4,name,unreviewed
Gainesville (MNZ03) Data Center,74236,lm-5a2cf0b51d11,,,0.4,,0.4,address,unreviewed
Microsoft,74237,lm-0b9dba6b5ac6,,,0.375,,0.375,address,unreviewed
Microsoft,74237,lm-4127ac245b8a,,,0.375,,0.375,address,unreviewed
Microsoft,74237,lm-4375b2ea97c5,,,0.375,,0.375,address,unreviewed
"Amazon Data Services, Inc",74239,lm-d3da8619dd0f,,,0.4307692307692308,,0.4307692307692308,address,unreviewed
"Amazon Data Services, Inc",74239,lm-d45bf7fce471,,,0.4307692307692308,,0.4307692307692308,address,unreviewed
"Amazon Data Services, Inc",74239,lm-80adaa2ffb6c,,,0.4251968503937008,,0.42519685039370086,address,unreviewed
"Amazon Data Services, Inc",74240,lm-1943bce07f9c,SILVER DISTRICT WEST PROJECT,0.38461538461538464,,,0.38461538461538464,name,unreviewed
"Amazon Data Services, Inc",74240,lm-bf72a90ca4f4,,,0.3609022556390977,,0.3609022556390977,address,unreviewed
"Amazon Data Services, Inc",74240,lm-1e287191725e,TUSCARORA CROSSING PROJECT,0.36,,,0.36,name,unreviewed
GCDC Purchaser Phase 1 LLC (Building 1),74241,lm-2f43c0a83220,,,0.4782608695652174,,0.4782608695652174,address,unreviewed
GCDC Purchaser Phase 1 LLC (Building 1),74241,lm-fb3e639ff12f,,,0.4772727272727273,,0.4772727272727273,address,unreviewed
GCDC Purchaser Phase 1 LLC (Building 1),74241,lm-22827cab1452,,,0.47191011235955055,,0.4719101123595506,address,unreviewed
"Vantage Data Centers VA2, LLC",74242,lm-064911d361c1,,,0.6041666666666666,,0.6041666666666666,address,unreviewed
"Vantage Data Centers VA2, LLC",74242,lm-94ba5d6db86a,,,0.6041666666666666,,0.6041666666666666,address,unreviewed
"Vantage Data Centers VA2, LLC",74242,lm-0b9dba6b5ac6,,,0.5961538461538461,,0.5961538461538461,address,unreviewed
"Amazon Data Services, Inc",74244,lm-ae78a1cba95c,,,0.6857142857142857,,0.6857142857142857,address,unreviewed
"Amazon Data Services, Inc",74244,lm-c21a206df025,,,0.6857142857142857,,0.6857142857142857,address,unreviewed
"Amazon Data Services, Inc",74244,lm-6b2c3185fda3,,,0.6666666666666666,,0.6666666666666666,address,unreviewed
"SI NVA05A, LLC",74246,lm-ac0dc32b13b5,,,0.49382716049382713,,0.49382716049382713,address,unreviewed
"SI NVA05A, LLC",74246,lm-04ea6bc95c16,,,0.4883720930232558,,0.48837209302325574,address,unreviewed
"SI NVA05A, LLC",74246,lm-90f39cd0d825,,,0.4883720930232558,,0.48837209302325574,address,unreviewed
"Aligned Data Centers (Relo) Propco, LLC",74247,lm-48b4b8aa12cc,ARCOLA CENTER PROJECT,0.5263157894736842,,,0.5263157894736842,name,unreviewed
"Aligned Data Centers (Relo) Propco, LLC",74247,lm-a86590d462a3,ARCOLA CENTER PROJECT,0.5263157894736842,,,0.5263157894736842,name,unreviewed
"Aligned Data Centers (Relo) Propco, LLC",74247,lm-75ee4f107a53,UNIVERSITY CENTER PROJECT,0.4918032786885246,,,0.4918032786885246,name,unreviewed
"Amazon Data Services, Inc",74250,lm-e8b64f034e8b,,,0.41509433962264153,,0.41509433962264153,address,unreviewed
"Amazon Data Services, Inc",74250,lm-33fae4976f91,,,0.39473684210526316,,0.39473684210526316,address,unreviewed
"Amazon Data Services, Inc",74250,lm-1943bce07f9c,SILVER DISTRICT WEST PROJECT,0.38461538461538464,,,0.38461538461538464,name,unreviewed
"Amazon Data Services, Inc",74252,lm-66c6c87a712a,,,0.8461538461538461,,0.8461538461538461,address,unreviewed
"Amazon Data Services, Inc",74252,lm-16294f8f0c71,,,0.8205128205128205,,0.8205128205128205,address,unreviewed
"Amazon Data Services, Inc",74252,lm-5d5070f861a1,,,0.8205128205128205,,0.8205128205128205,address,unreviewed
"NTT Global Data Centers VA10, LLC",74260,lm-48b4b8aa12cc,ARCOLA CENTER PROJECT,0.41509433962264153,,,0.41509433962264153,name,unreviewed
"NTT Global Data Centers VA10, LLC",74260,lm-75ee4f107a53,UNIVERSITY CENTER PROJECT,0.38596491228070173,,,0.38596491228070173,name,unreviewed
"NTT Global Data Centers VA10, LLC",74260,lm-a86590d462a3,ARCOLA CENTER PROJECT,0.41509433962264153,0.21428571428571427,,0.3397911051212938,address+name,unreviewed
Digital Realty,74262,lm-98565be3899f,,,0.3893805309734513,,0.3893805309734513,address,unreviewed
Digital Realty,74262,lm-bf2729c299de,,,0.3888888888888889,,0.3888888888888889,address,unreviewed
Digital Realty,74262,lm-4e476d34b049,,,0.38333333333333336,,0.38333333333333336,address,unreviewed
Digital Realty,74264,lm-5a6da1f4ac13,,,0.8433734939759037,,0.8433734939759036,address,unreviewed
Digital Realty,74264,lm-663f0ef43acb,,,0.8433734939759037,,0.8433734939759036,address,unreviewed
Digital Realty,74264,lm-e1a0e4657ab0,,,0.8192771084337349,,0.8192771084337349,address,unreviewed
Yondr JK 2 LLC,74265,lm-1439f12727a0,,,0.8857142857142857,,0.8857142857142857,address,unreviewed
Yondr JK 2 LLC,74265,lm-28770627f738,,,0.6756756756756757,,0.6756756756756757,address,unreviewed
Yondr JK 2 LLC,74265,lm-de5af81cd411,,,0.6756756756756757,,0.6756756756756757,address,unreviewed
"Amazon Data Services, Inc",74270,lm-eced286747eb,,,0.6075949367088608,,0.6075949367088608,address,unreviewed
"Amazon Data Services, Inc",74270,lm-4bfa42f33933,,,0.5714285714285714,,0.5714285714285714,address,unreviewed
"Amazon Data Services, Inc",74270,lm-14bd3c227d3e,,,0.5675675675675675,,0.5675675675675675,address,unreviewed
"Amazon Data Services, Inc",74272,lm-f757ee32b181,,,0.6301369863013698,,0.6301369863013698,address,unreviewed
"Amazon Data Services, Inc",74272,lm-2ae74ed7fbf7,,,0.6027397260273972,,0.6027397260273972,address,unreviewed
"Amazon Data Services, Inc",74272,lm-5ad2c8650d71,,,0.6027397260273972,,0.6027397260273972,address,unreviewed
"Amazon Data Services, Inc",74273,lm-1943bce07f9c,SILVER DISTRICT WEST PROJECT,0.38461538461538464,,,0.38461538461538464,name,unreviewed
"Amazon Data Services, Inc",74273,lm-1e287191725e,TUSCARORA CROSSING PROJECT,0.36,,,0.36,name,unreviewed
"Amazon Data Services, Inc",74273,lm-09e176142758,SILVER DISTRICT WEST PROJECT,0.38461538461538464,0.23529411764705882,,0.32861990950226244,address+name,unreviewed
"Amazon Data Services, Inc",74274,lm-28770627f738,,,0.7446808510638298,,0.7446808510638298,address,unreviewed
"Amazon Data Services, Inc",74274,lm-de5af81cd411,,,0.7446808510638298,,0.7446808510638298,address,unreviewed
"Amazon Data Services, Inc",74274,lm-eb9f6b477e22,,,0.723404255319149,,0.723404255319149,address,unreviewed
"Ashburn Data Property Owner, L.P",74276,lm-6b2c3185fda3,,,0.96,,0.96,address,unreviewed
"Ashburn Data Property Owner, L.P",74276,lm-8710f041c746,,,0.96,,0.96,address,unreviewed
"Ashburn Data Property Owner, L.P",74276,lm-c21a206df025,,,0.9333333333333333,,0.9333333333333332,address,unreviewed
"Amazon Data Services, Inc",74277,lm-1943bce07f9c,SILVER DISTRICT WEST PROJECT,0.38461538461538464,,,0.38461538461538464,name,unreviewed
"Amazon Data Services, Inc",74277,lm-1e287191725e,TUSCARORA CROSSING PROJECT,0.36,,,0.36,name,unreviewed
"Amazon Data Services, Inc",74277,lm-d45bf7fce471,,,0.3401360544217687,,0.3401360544217687,address,unreviewed
"Amazon Data Services, Inc",74278,lm-49a3c6dd0c8e,,,0.4036697247706422,,0.4036697247706422,address,unreviewed
"Amazon Data Services, Inc",74278,lm-6db89be46e9d,,,0.39215686274509803,,0.39215686274509803,address,unreviewed
"Amazon Data Services, Inc",74278,lm-ede96c912ff0,,,0.39215686274509803,,0.39215686274509803,address,unreviewed
"Vantage Data Centers VA3, LLC",74284,lm-04ea6bc95c16,,,0.6605504587155964,,0.6605504587155964,address,unreviewed
"Vantage Data Centers VA3, LLC",74284,lm-90f39cd0d825,,,0.6605504587155964,,0.6605504587155964,address,unreviewed
"Vantage Data Centers VA3, LLC",74284,lm-917aa9e89fee,,,0.6605504587155964,,0.6605504587155964,address,unreviewed
"Vantage Data Centers VA16, LLC",74287,lm-48b4b8aa12cc,ARCOLA CENTER PROJECT,0.44,,,0.44,name,unreviewed
"Vantage Data Centers VA16, LLC",74287,lm-a86590d462a3,ARCOLA CENTER PROJECT,0.44,,,0.44,name,unreviewed
"Vantage Data Centers VA16, LLC",74287,lm-75ee4f107a53,UNIVERSITY CENTER PROJECT,0.4074074074074074,,,0.4074074074074074,name,unreviewed
"Amazon Data Services, Inc",74288,lm-6530362f301b,,,0.43548387096774194,,0.43548387096774194,address,unreviewed
"Amazon Data Services, Inc",74288,lm-f65cb02b7952,,,0.43548387096774194,,0.43548387096774194,address,unreviewed
"Amazon Data Services, Inc",74288,lm-b31193f54209,,,0.41935483870967744,,0.4193548387096774,address,unreviewed
"CyrusOne, LLC",74290,lm-25071c174452,,,0.8,,0.8,address,unreviewed
"CyrusOne, LLC",74290,lm-25e07614aa99,,,0.7555555555555555,,0.7555555555555555,address,unreviewed
"CyrusOne, LLC",74290,lm-41a57fb30dc6,,,0.7555555555555555,,0.7555555555555555,address,unreviewed
Kincora Data Center LLC,74296,lm-8a1cd9019561,KINCORA PROJECT,0.47368421052631576,0.8275862068965517,,0.6063974591651542,address+name,unreviewed
Kincora Data Center LLC,74296,lm-c18871dc0388,,,0.5609756097560976,,0.5609756097560976,address,unreviewed
Kincora Data Center LLC,74296,lm-48b4b8aa12cc,ARCOLA CENTER PROJECT,0.5454545454545454,,,0.5454545454545454,name,unreviewed
"Amazon Data Services, Inc",74299,lm-14bd3c227d3e,,,0.475,,0.475,address,unreviewed
"Amazon Data Services, Inc",74299,lm-742f00d6e845,,,0.4675324675324675,,0.4675324675324675,address,unreviewed
"Amazon Data Services, Inc",74299,lm-a23a1cd8c282,,,0.4675324675324675,,0.4675324675324675,address,unreviewed
"Amazon Data Services, Inc",74300,lm-1943bce07f9c,SILVER DISTRICT WEST PROJECT,0.38461538461538464,,,0.38461538461538464,name,unreviewed
"Amazon Data Services, Inc",74300,lm-c0f488a74683,,,0.3619047619047619,,0.3619047619047619,address,unreviewed
"Amazon Data Services, Inc",74300,lm-1e287191725e,TUSCARORA CROSSING PROJECT,0.36,,,0.36,name,unreviewed
"Amazon Data Services, Inc",74301,lm-1943bce07f9c,SILVER DISTRICT WEST PROJECT,0.38461538461538464,,,0.38461538461538464,name,unreviewed
"Amazon Data Services, Inc",74301,lm-099d09e96cbd,,,0.3687150837988827,,0.3687150837988827,address,unreviewed
"Amazon Data Services, Inc",74301,lm-ea1c229f8cd5,,,0.3687150837988827,,0.3687150837988827,address,unreviewed
"Amazon Data Services, Inc",74302,lm-1032e14cd5e1,,,0.6140350877192983,,0.6140350877192983,address,unreviewed
"Amazon Data Services, Inc",74302,lm-28f3171c04d2,,,0.6140350877192983,,0.6140350877192983,address,unreviewed
"Amazon Data Services, Inc",74302,lm-99ab5c64738c,,,0.6140350877192983,,0.6140350877192983,address,unreviewed
"MECP1 Ashburn 2, LLC",74306,lm-99c1bd0832b0,,,0.9117647058823529,,0.9117647058823529,address,unreviewed
"MECP1 Ashburn 2, LLC",74306,lm-cf801a7fdee0,,,0.9117647058823529,,0.9117647058823529,address,unreviewed
"MECP1 Ashburn 2, LLC",74306,lm-24fc08be1db1,,,0.8823529411764706,,0.8823529411764707,address,unreviewed
"Digital Filigree, LLC",74308,lm-09e176142758,SILVER DISTRICT WEST PROJECT,0.3333333333333333,,,0.3333333333333333,name,unreviewed
"Digital Filigree, LLC",74308,lm-1943bce07f9c,SILVER DISTRICT WEST PROJECT,0.3333333333333333,,,0.3333333333333333,name,unreviewed
"Digital Filigree, LLC",74308,lm-9cddbbe14399,SILVER DISTRICT WEST PROJECT,0.3333333333333333,,,0.3333333333333333,name,unreviewed
"Amazon Data Services, Inc",74309,lm-5a2cf0b51d11,,,0.3865546218487395,,0.3865546218487395,address,unreviewed
"Amazon Data Services, Inc",74309,lm-1943bce07f9c,SILVER DISTRICT WEST PROJECT,0.38461538461538464,,,0.38461538461538464,name,unreviewed
"Amazon Data Services, Inc",74309,lm-9704c70d5520,,,0.3783783783783784,,0.3783783783783784,address,unreviewed
"1501 Moran Road Development Owner, LLC",74315,lm-abd35b3023cd,,,0.972972972972973,,0.972972972972973,address,unreviewed
"1501 Moran Road Development Owner, LLC",74315,lm-8b40435ce8dc,,,0.9459459459459459,,0.9459459459459459,address,unreviewed
"1501 Moran Road Development Owner, LLC",74315,lm-3297cfebdb04,,,0.7605633802816901,,0.7605633802816901,address,unreviewed
"Amazon Data Services, Inc",74317,lm-09e176142758,SILVER DISTRICT WEST PROJECT,0.38461538461538464,,,0.38461538461538464,name,unreviewed
"Amazon Data Services, Inc",74317,lm-1943bce07f9c,SILVER DISTRICT WEST PROJECT,0.38461538461538464,,,0.38461538461538464,name,unreviewed
"Amazon Data Services, Inc",74317,lm-9cddbbe14399,SILVER DISTRICT WEST PROJECT,0.38461538461538464,,,0.38461538461538464,name,unreviewed
"Amazon Data Services, Inc",74329,lm-1943bce07f9c,SILVER DISTRICT WEST PROJECT,0.38461538461538464,,,0.38461538461538464,name,unreviewed
"Amazon Data Services, Inc",74329,lm-1e287191725e,TUSCARORA CROSSING PROJECT,0.36,,,0.36,name,unreviewed
"Amazon Data Services, Inc",74329,lm-75ee4f107a53,UNIVERSITY CENTER PROJECT,0.32653061224489793,,,0.32653061224489793,name,unreviewed
,74332,lm-08f1d706e347,,,0.6086956521739131,,0.6086956521739131,address,unreviewed
,74332,lm-cd0809347950,,,0.6086956521739131,,0.6086956521739131,address,unreviewed
,74332,lm-41a57fb30dc6,,,0.5833333333333334,,0.5833333333333334,address,unreviewed
"SDC Ashburn I, LLC",74335,lm-6c73a56502ac,,,0.9743589743589743,,0.9743589743589742,address,unreviewed
"SDC Ashburn I, LLC",74335,lm-bfc5ae4c96d6,,,0.9743589743589743,,0.9743589743589742,address,unreviewed
"SDC Ashburn I, LLC",74335,lm-eeab6951e403,,,0.7567567567567568,,0.7567567567567568,address,unreviewed
"13832 Redskin Acquisition, LP",74336,lm-4e3b786cb754,,,0.3522012578616352,,0.3522012578616352,address,unreviewed
"13832 Redskin Acquisition, LP",74336,lm-0a5b99d1f304,,,0.31446540880503143,,0.31446540880503143,address,unreviewed
"13832 Redskin Acquisition, LP",74336,lm-d949647a72a6,,,0.31446540880503143,,0.31446540880503143,address,unreviewed
"Amazon Data Services, Inc",74337,lm-6979321bd4f2,,,0.6097560975609756,,0.6097560975609756,address,unreviewed
"Amazon Data Services, Inc",74337,lm-7a75075c4427,,,0.6097560975609756,,0.6097560975609756,address,unreviewed
"Amazon Data Services, Inc",74337,lm-17cee8b05ece,,,0.5609756097560976,,0.5609756097560976,address,unreviewed
"Vantage Data Centers VA41, LLC",74338,lm-c18871dc0388,,,0.6428571428571429,,0.6428571428571429,address,unreviewed
"Vantage Data Centers VA41, LLC",74338,lm-099d09e96cbd,,,0.6352941176470588,,0.6352941176470588,address,unreviewed
"Vantage Data Centers VA41, LLC",74338,lm-23bc2187cf64,,,0.6190476190476191,,0.6190476190476191,address,unreviewed
"Amazon Data Services, Inc",74342,lm-1943bce07f9c,SILVER DISTRICT WEST PROJECT,0.38461538461538464,,,0.38461538461538464,name,unreviewed
"Amazon Data Services, Inc",74342,lm-1e287191725e,TUSCARORA CROSSING PROJECT,0.36,,,0.36,name,unreviewed
"Amazon Data Services, Inc",74342,lm-80adaa2ffb6c,,,0.34285714285714286,,0.34285714285714286,address,unreviewed
"DataBank Holdings Ltd – Data Center Culpeper, LLC",74348,lm-6db89be46e9d,,,0.5,,0.5,address,unreviewed
"DataBank Holdings Ltd – Data Center Culpeper, LLC",74348,lm-268d6d65f129,,,0.48717948717948717,,0.4871794871794871,address,unreviewed
"DataBank Holdings Ltd – Data Center Culpeper, LLC",74348,lm-ddaac9d77e45,,,0.4819277108433735,,0.4819277108433735,address,unreviewed
"Amazon Data Services, Inc",74349,lm-2f43c0a83220,,,0.5393258426966292,,0.5393258426966292,address,unreviewed
"Amazon Data Services, Inc",74349,lm-0e005ed279fd,,,0.4943820224719101,,0.49438202247191004,address,unreviewed
"Amazon Data Services, Inc",74349,lm-4e3b786cb754,,,0.4943820224719101,,0.49438202247191004,address,unreviewed
