source,query_or_url,filters,export_or_pull_date,date_basis,row_count,file_path,sha256,duplicate_of,notes
Virginia DEQ 2015 criteria emissions inventory,DEQ website CSV; exact download URL unverified,Published 10-ton or 100-ton facility list; 2015,2026-09-19,local_file_modified_date; unverified as pull date,109.0,data/raw/2015_criteria_emissions_100tons.csv,f8963d9f71e3114d0a73996ecda110ffef51797cab56e41af7638ff62485388b,,Facility-wide reported criteria emissions; not permit limits or generator-specific measurements.
Virginia DEQ 2015 criteria emissions inventory,DEQ website CSV; exact download URL unverified,Published 10-ton or 100-ton facility list; 2015,2026-09-19,local_file_modified_date; unverified as pull date,593.0,data/raw/2015_criteria_emissions_10tons.csv,452462289d86156be4f0e389d83c2d10f54c2c58a5a5b498a583406fc7fc94db,,Facility-wide reported criteria emissions; not permit limits or generator-specific measurements.
"JLARC, Data Centers in Virginia",Local PDF; publication URL not supplied,December 2024 report,2026-09-19,local_file_modified_date; unverified as pull date,,data/raw/JLARC_report.pdf,d794e060d2697b41ac69aa6133cf73ea0473433736e4e1ab85d26df219383322,,Published report; local file delivery date unverified.
Loudoun County LandMARC,"LandMARC export; search phrase ""data center""",Plan or Permit tier; delivered export,2026-09-19,local_file_modified_date; unverified as pull date,1000.0,data/raw/LandMARC_Plans_DataCenters.csv,376973556cb43c0bfacf1537fe544a7ea960dd2c41b924742afd6d177fa30880,,Export query details beyond filename are unverified.
Loudoun County LandMARC,"LandMARC export; search phrase ""data center""",Plan or Permit tier; delivered export,2026-09-19,local_file_modified_date; unverified as pull date,1000.0,data/raw/LandMARC_permits_112015_112020.csv,dc1e1e45b88027a58ab3187e081f0aef0313f0c4ccd904937219a3bdaf5718b0,,Export query details beyond filename are unverified.
Loudoun County LandMARC,"LandMARC export; search phrase ""data center""",Plan or Permit tier; delivered export,2026-09-19,local_file_modified_date; unverified as pull date,1000.0,data/raw/LandMARC_permits_112026_9152026.csv,dc1e1e45b88027a58ab3187e081f0aef0313f0c4ccd904937219a3bdaf5718b0,data/raw/LandMARC_permits_112015_112020.csv,Export query details beyond filename are unverified.
Loudoun County LandMARC,"LandMARC export; search phrase ""data center""",Plan or Permit tier; delivered export,2026-09-19,local_file_modified_date; unverified as pull date,1000.0,data/raw/LandMARC_permits_122020_112023.csv,dc1e1e45b88027a58ab3187e081f0aef0313f0c4ccd904937219a3bdaf5718b0,data/raw/LandMARC_permits_112015_112020.csv,Export query details beyond filename are unverified.
Loudoun County LandMARC,"LandMARC export; search phrase ""data center""",Plan or Permit tier; delivered export,2026-09-19,local_file_modified_date; unverified as pull date,1000.0,data/raw/LandMARC_permits_122023_112025.csv,dc1e1e45b88027a58ab3187e081f0aef0313f0c4ccd904937219a3bdaf5718b0,data/raw/LandMARC_permits_112015_112020.csv,Export query details beyond filename are unverified.
Loudoun County LandMARC,"LandMARC export; search phrase ""data center""",Plan or Permit tier; delivered export,2026-09-19,local_file_modified_date; unverified as pull date,1000.0,data/raw/LandMARC_permits_122025_112026.csv,dc1e1e45b88027a58ab3187e081f0aef0313f0c4ccd904937219a3bdaf5718b0,data/raw/LandMARC_permits_112015_112020.csv,Export query details beyond filename are unverified.
Virginia DEQ issued data center air permits,Published DEQ permit PDF; original URL unavailable in local delivery,Virginia data-center permit collection,2026-09-19,local_file_modified_date; unverified as pull date,,data/raw/deq_va/115413_DC_Permit.pdf,2312a0c56485c89fa02c6224ca89698f1a2a09a168575173fe5a98ab4b255b68,,Local PDF preserves permit text but not its download URL.
Virginia DEQ issued data center air permits,Published DEQ permit PDF; original URL unavailable in local delivery,Virginia data-center permit collection,2026-09-19,local_file_modified_date; unverified as pull date,,data/raw/deq_va/11790_DC_Permit.pdf,669aeb79d408fd2441aa752745d36a9ed7a0438ee4ec00f87d2a573f51270513,,Local PDF preserves permit text but not its download URL.
Virginia DEQ issued data center air permits,Published DEQ permit PDF; original URL unavailable in local delivery,Virginia data-center permit collection,2026-09-19,local_file_modified_date; unverified as pull date,,data/raw/deq_va/2152707_DC_TV_Permit.pdf,60e37219628486e463ae225ff81d63f88f06d6bdc736d7bb209ad83ca336ed2a,,Local PDF preserves permit text but not its download URL.
Virginia DEQ issued data center air permits,Published DEQ permit PDF; original URL unavailable in local delivery,Virginia data-center permit collection,2026-09-19,local_file_modified_date; unverified as pull date,,data/raw/deq_va/2152715_DC_Permit.pdf,2c24830ce83836adb5b8114974b8e55e35495fa130cdd1adf96298aae5d9c85a,,Local PDF preserves permit text but not its download URL.
Virginia DEQ issued data center air permits,Published DEQ permit PDF; original URL unavailable in local delivery,Virginia data-center permit collection,2026-09-19,local_file_modified_date; unverified as pull date,,data/raw/deq_va/3014202_DC_Permit.pdf,0d976edef6c620d4cbf1540c159b08fec2f32b2064ee91c4cc491a9f95596078,,Local PDF preserves permit text but not its download URL.
Virginia DEQ issued data center air permits,Published DEQ permit PDF; original URL unavailable in local delivery,Virginia data-center permit collection,2026-09-19,local_file_modified_date; unverified as pull date,,data/raw/deq_va/41064_DC_Permit.pdf,51d03a34c4603e9d751898072487752f650e55d918bb16c99102ac735ed83dc6,,Local PDF preserves permit text but not its download URL.
Virginia DEQ issued data center air permits,Published DEQ permit PDF; original URL unavailable in local delivery,Virginia data-center permit collection,2026-09-19,local_file_modified_date; unverified as pull date,,data/raw/deq_va/51232_DC_Permit.pdf,8b2c922ca89f0e8f7441690a7d5d19f9ea3f3d70208ecf74d3d84cbbbc86d9bc,,Local PDF preserves permit text but not its download URL.
Virginia DEQ issued data center air permits,Published DEQ permit PDF; original URL unavailable in local delivery,Virginia data-center permit collection,2026-09-19,local_file_modified_date; unverified as pull date,,data/raw/deq_va/52173_DC_Permit.pdf,375d01fcbf7b6cd3b0e92b602b68181004e7547dbc89f037490fd72caba457a1,,Local PDF preserves permit text but not its download URL.
Virginia DEQ issued data center air permits,Published DEQ permit PDF; original URL unavailable in local delivery,Virginia data-center permit collection,2026-09-19,local_file_modified_date; unverified as pull date,,data/raw/deq_va/522219_DC_Permit.pdf,21ce692510018a3645029edb584c846fc391fa0bdf3026c8c007758647191407,,Local PDF preserves permit text but not its download URL.
Virginia DEQ issued data center air permits,Published DEQ permit PDF; original URL unavailable in local delivery,Virginia data-center permit collection,2026-09-19,local_file_modified_date; unverified as pull date,,data/raw/deq_va/52281_DC_Permit.pdf,7da3c43369e336af52307057493d17c27df18a05458eb0f932ae14e57f66ae84,,Local PDF preserves permit text but not its download URL.
Virginia DEQ issued data center air permits,Published DEQ permit PDF; original URL unavailable in local delivery,Virginia data-center permit collection,2026-09-19,local_file_modified_date; unverified as pull date,,data/raw/deq_va/52299_DC_Permit.pdf,69616a739d1662642e7824c4088fe71aa498338325db7a82d73c3d52102686a7,,Local PDF preserves permit text but not its download URL.
Virginia DEQ issued data center air permits,Published DEQ permit PDF; original URL unavailable in local delivery,Virginia data-center permit collection,2026-09-19,local_file_modified_date; unverified as pull date,,data/raw/deq_va/52403_DC_Permit.pdf,002483b1deecb8086d6e0cb9512487470d7d63d0e9f3654b06c78c74ea613840,,Local PDF preserves permit text but not its download URL.
Virginia DEQ issued data center air permits,Published DEQ permit PDF; original URL unavailable in local delivery,Virginia data-center permit collection,2026-09-19,local_file_modified_date; unverified as pull date,,data/raw/deq_va/524326_DC_Permit.pdf,63e0dfed23b2c63601b51dc71e1ed37f9ca08cde8da0bb05983c7e98d43671d9,,Local PDF preserves permit text but not its download URL.
Virginia DEQ issued data center air permits,Published DEQ permit PDF; original URL unavailable in local delivery,Virginia data-center permit collection,2026-09-19,local_file_modified_date; unverified as pull date,,data/raw/deq_va/52629_DC_Permit.pdf,220ffa0d6d1da03c8865a7a2f7cceb74ed6a69fa5968e72eb2c3328c8f11ab9d,,Local PDF preserves permit text but not its download URL.
Virginia DEQ issued data center air permits,Published DEQ permit PDF; original URL unavailable in local delivery,Virginia data-center permit collection,2026-09-19,local_file_modified_date; unverified as pull date,,data/raw/deq_va/52820_DC_Permit.pdf,2c34fa752df20b48c8542da7809aa06382568565c33541200f008ab2c98eae9f,,Local PDF preserves permit text but not its download URL.
Virginia DEQ issued data center air permits,Published DEQ permit PDF; original URL unavailable in local delivery,Virginia data-center permit collection,2026-09-19,local_file_modified_date; unverified as pull date,,data/raw/deq_va/52903_DC_Permit.pdf,a22d3676f8fe4eb5ef67b54c39665475262ad5f68458c1235ad4a9a5b0dda163,,Local PDF preserves permit text but not its download URL.
Virginia DEQ issued data center air permits,Published DEQ permit PDF; original URL unavailable in local delivery,Virginia data-center permit collection,2026-09-19,local_file_modified_date; unverified as pull date,,data/raw/deq_va/52949_DC_Permit.pdf,45516e802c2f848b5ce5c84fed3f9ba01f71dc80910d0b30aafb67bb5cc0e522,,Local PDF preserves permit text but not its download URL.
Virginia DEQ issued data center air permits,Published DEQ permit PDF; original URL unavailable in local delivery,Virginia data-center permit collection,2026-09-19,local_file_modified_date; unverified as pull date,,data/raw/deq_va/52973_DC_Permit.pdf,402ef00610164538a00b2475f4716f8d5708bb4c0cd8c57977da75517195a9e2,,Local PDF preserves permit text but not its download URL.
Virginia DEQ issued data center air permits,Published DEQ permit PDF; original URL unavailable in local delivery,Virginia data-center permit collection,2026-09-19,local_file_modified_date; unverified as pull date,,data/raw/deq_va/53071_DC_Permit.pdf,0dbda5439d4c4984c260ce3ae0732c29b4795260bf9216ed8b8c284547a8560e,,Local PDF preserves permit text but not its download URL.
Virginia DEQ issued data center air permits,Published DEQ permit PDF; original URL unavailable in local delivery,Virginia data-center permit collection,2026-09-19,local_file_modified_date; unverified as pull date,,data/raw/deq_va/53072_DC_Permit.pdf,82d48c71e32b06bb9c60b9a9f6f612e34da69bda39e9bfc7fcc810611659868a,,Local PDF preserves permit text but not its download URL.
Virginia DEQ issued data center air permits,Published DEQ permit PDF; original URL unavailable in local delivery,Virginia data-center permit collection,2026-09-19,local_file_modified_date; unverified as pull date,,data/raw/deq_va/53086_DC_Permit.pdf,5c53d9aef122d9500a1ccf6ceb981052cd68de9d0e8e2213c667802749a22293,,Local PDF preserves permit text but not its download URL.
Virginia DEQ issued data center air permits,Published DEQ permit PDF; original URL unavailable in local delivery,Virginia data-center permit collection,2026-09-19,local_file_modified_date; unverified as pull date,,data/raw/deq_va/531972_DC_Permit.pdf,dc0a5afff595e7741ef7f7c0d5f5e241488a8b1e0c99b0c8aac53cee9881f9ce,,Local PDF preserves permit text but not its download URL.
Virginia DEQ issued data center air permits,Published DEQ permit PDF; original URL unavailable in local delivery,Virginia data-center permit collection,2026-09-19,local_file_modified_date; unverified as pull date,,data/raw/deq_va/53198_DC_Permit.pdf,d3a58a847e2c7e1c90addf24910372326afa7bbd370237a13a6896d18e749973,,Local PDF preserves permit text but not its download URL.
Virginia DEQ issued data center air permits,Published DEQ permit PDF; original URL unavailable in local delivery,Virginia data-center permit collection,2026-09-19,local_file_modified_date; unverified as pull date,,data/raw/deq_va/5325901_DC_Permit.pdf,d05e712d39f0c50fa69756951a1b65ccfe62bc44f814092f25f38abf123a3822,,Local PDF preserves permit text but not its download URL.
Virginia DEQ issued data center air permits,Published DEQ permit PDF; original URL unavailable in local delivery,Virginia data-center permit collection,2026-09-19,local_file_modified_date; unverified as pull date,,data/raw/deq_va/5326601_DC_Permit.pdf,9455e4c75ddc0f6daa464ae61cb73cd3f3cd27739d5a6e8829ee543b738d116d,,Local PDF preserves permit text but not its download URL.
Virginia DEQ issued data center air permits,Published DEQ permit PDF; original URL unavailable in local delivery,Virginia data-center permit collection,2026-09-19,local_file_modified_date; unverified as pull date,,data/raw/deq_va/60353_DC_Permit.pdf,695986767716dece5a992438d13ed4fd14e42d9a4164e75c9ed62c434f8fb918,,Local PDF preserves permit text but not its download URL.
Virginia DEQ issued data center air permits,Published DEQ permit PDF; original URL unavailable in local delivery,Virginia data-center permit collection,2026-09-19,local_file_modified_date; unverified as pull date,,data/raw/deq_va/7180403_DC_Permit.pdf,1139c632d4f27a126bcc2836ed0c29fc82c4797cc14b1832ea78e89c784575db,,Local PDF preserves permit text but not its download URL.
Virginia DEQ issued data center air permits,Published DEQ permit PDF; original URL unavailable in local delivery,Virginia data-center permit collection,2026-09-19,local_file_modified_date; unverified as pull date,,data/raw/deq_va/7180404_DC_Permit.pdf,f0cc6bc653b53724e7001714c4ff42e74a61b63648d89deaa7721e2b693feedb,,Local PDF preserves permit text but not its download URL.
Virginia DEQ issued data center air permits,Published DEQ permit PDF; original URL unavailable in local delivery,Virginia data-center permit collection,2026-09-19,local_file_modified_date; unverified as pull date,,data/raw/deq_va/72296_DC_Permit.pdf,8e141b4756ffce63ef51ed464f6906cfc210fe23c3c2a008eeb477524671b2c3,,Local PDF preserves permit text but not its download URL.
Virginia DEQ issued data center air permits,Published DEQ permit PDF; original URL unavailable in local delivery,Virginia data-center permit collection,2026-09-19,local_file_modified_date; unverified as pull date,,data/raw/deq_va/72367_DC_Permit.pdf,0f9cf73ded1bec1dc8d92098bf22465f72790287ece8f8822089c663c88590d8,,Local PDF preserves permit text but not its download URL.
Virginia DEQ issued data center air permits,Published DEQ permit PDF; original URL unavailable in local delivery,Virginia data-center permit collection,2026-09-19,local_file_modified_date; unverified as pull date,,data/raw/deq_va/72368_DC_Permit.pdf,7bd2d3bb4b30963322ea69f087a7c4ce9a3b570fd9fbd560dc8162f8ab15f868,,Local PDF preserves permit text but not its download URL.
Virginia DEQ issued data center air permits,Published DEQ permit PDF; original URL unavailable in local delivery,Virginia data-center permit collection,2026-09-19,local_file_modified_date; unverified as pull date,,data/raw/deq_va/72374_DC_Permit.pdf,e661d63724c018fd2afa136e0fff833e410c45837eec7097bd75bbdcf3e87a90,,Local PDF preserves permit text but not its download URL.
Virginia DEQ issued data center air permits,Published DEQ permit PDF; original URL unavailable in local delivery,Virginia data-center permit collection,2026-09-19,local_file_modified_date; unverified as pull date,,data/raw/deq_va/723759_DC_Permit.pdf,e20c92bb17f38f0398494556de30f2290f3537ee6138a9e229ab20c9615fd8fc,,Local PDF preserves permit text but not its download URL.
Virginia DEQ issued data center air permits,Published DEQ permit PDF; original URL unavailable in local delivery,Virginia data-center permit collection,2026-09-19,local_file_modified_date; unverified as pull date,,data/raw/deq_va/73105_DC_Permit.pdf,e8b3f820ff4dfa42e200d17c4b67fc399587622eb342e61b721dae32f563e469,,Local PDF preserves permit text but not its download URL.
Virginia DEQ issued data center air permits,Published DEQ permit PDF; original URL unavailable in local delivery,Virginia data-center permit collection,2026-09-19,local_file_modified_date; unverified as pull date,,data/raw/deq_va/73158_DC_Permit.pdf,d2a150b71847af50126dfae6f0e826bdcbd3a582e6251f76d6a6c2a17b47334d,,Local PDF preserves permit text but not its download URL.
Virginia DEQ issued data center air permits,Published DEQ permit PDF; original URL unavailable in local delivery,Virginia data-center permit collection,2026-09-19,local_file_modified_date; unverified as pull date,,data/raw/deq_va/73160_DC_Permit.pdf,077bbfbe51e22b3d6e9d099e6893ff1aaa681e907fb1e3c306e38d8f302dc55f,,Local PDF preserves permit text but not its download URL.
Virginia DEQ issued data center air permits,Published DEQ permit PDF; original URL unavailable in local delivery,Virginia data-center permit collection,2026-09-19,local_file_modified_date; unverified as pull date,,data/raw/deq_va/73162_DC_Permit.pdf,b5366f2b4977f45d8d49ef38091f1876f8b8e8fdd296cce8d5aa3f6e621e622b,,Local PDF preserves permit text but not its download URL.
Virginia DEQ issued data center air permits,Published DEQ permit PDF; original URL unavailable in local delivery,Virginia data-center permit collection,2026-09-19,local_file_modified_date; unverified as pull date,,data/raw/deq_va/73170_DC_Permit.pdf,ac23eab61937c0cd9ff821a7a0ff67336b602052a6eaa2326cd1f514caa3af51,,Local PDF preserves permit text but not its download URL.
Virginia DEQ issued data center air permits,Published DEQ permit PDF; original URL unavailable in local delivery,Virginia data-center permit collection,2026-09-19,local_file_modified_date; unverified as pull date,,data/raw/deq_va/73180_DC_Permit.pdf,b266f0edec0107276dbae54ad519553589b3e3199be12628065edd768ccc4008,,Local PDF preserves permit text but not its download URL.
Virginia DEQ issued data center air permits,Published DEQ permit PDF; original URL unavailable in local delivery,Virginia data-center permit collection,2026-09-19,local_file_modified_date; unverified as pull date,,data/raw/deq_va/73199_DC_Permit.pdf,6930efec619cd99d1d3983123b9dc876c8369eb3dd7113ac92d6c5a14d708336,,Local PDF preserves permit text but not its download URL.
Virginia DEQ issued data center air permits,Published DEQ permit PDF; original URL unavailable in local delivery,Virginia data-center permit collection,2026-09-19,local_file_modified_date; unverified as pull date,,data/raw/deq_va/7320002_DC_Permit.pdf,bc8a237fa5f8cd7719919dbf1a669f577d98ea12d77d1784db560160af048ac7,,Local PDF preserves permit text but not its download URL.
Virginia DEQ issued data center air permits,Published DEQ permit PDF; original URL unavailable in local delivery,Virginia data-center permit collection,2026-09-19,local_file_modified_date; unverified as pull date,,data/raw/deq_va/7320003_DC_Permit.pdf,d05afe53fc41cd8701e6a16629eca4191ac6d2ec92c5d1d251e8280eb435d934,,Local PDF preserves permit text but not its download URL.
Virginia DEQ issued data center air permits,Published DEQ permit PDF; original URL unavailable in local delivery,Virginia data-center permit collection,2026-09-19,local_file_modified_date; unverified as pull date,,data/raw/deq_va/73230_DC_Permit.pdf,9d5cc1fcd6b3cbc03c12ac68bae2b6c3493e988d4837e2440b7770a6f722bda0,,Local PDF preserves permit text but not its download URL.
Virginia DEQ issued data center air permits,Published DEQ permit PDF; original URL unavailable in local delivery,Virginia data-center permit collection,2026-09-19,local_file_modified_date; unverified as pull date,,data/raw/deq_va/73233_DC_Permit.pdf,4decf9c316af85cf260e7ca3c2d3752f37476665977942e063a87f102d62fbd9,,Local PDF preserves permit text but not its download URL.
Virginia DEQ issued data center air permits,Published DEQ permit PDF; original URL unavailable in local delivery,Virginia data-center permit collection,2026-09-19,local_file_modified_date; unverified as pull date,,data/raw/deq_va/73240_DC_Permit.pdf,c75daadf41338652939ada39bfc4aa3a00615ba7d491d5a58ce32ba02471054d,,Local PDF preserves permit text but not its download URL.
Virginia DEQ issued data center air permits,Published DEQ permit PDF; original URL unavailable in local delivery,Virginia data-center permit collection,2026-09-19,local_file_modified_date; unverified as pull date,,data/raw/deq_va/73293_DC_Permit.pdf,df72136d9854cc3eb086ed579670bdec16680a89105d4c9aa294ca3d54bb44ef,,Local PDF preserves permit text but not its download URL.
Virginia DEQ issued data center air permits,Published DEQ permit PDF; original URL unavailable in local delivery,Virginia data-center permit collection,2026-09-19,local_file_modified_date; unverified as pull date,,data/raw/deq_va/73294_DC_Permit.pdf,d4ab8b501653343657e7aed00019253a304ff3758017bc153a0b1ceeb7a82390,,Local PDF preserves permit text but not its download URL.
Virginia DEQ issued data center air permits,Published DEQ permit PDF; original URL unavailable in local delivery,Virginia data-center permit collection,2026-09-19,local_file_modified_date; unverified as pull date,,data/raw/deq_va/73341_DC_Permit.pdf,4e47d71b758e2d5c4392569f345b15fe2048cbe112fe46479ea0a2df5755fbbe,,Local PDF preserves permit text but not its download URL.
Virginia DEQ issued data center air permits,Published DEQ permit PDF; original URL unavailable in local delivery,Virginia data-center permit collection,2026-09-19,local_file_modified_date; unverified as pull date,,data/raw/deq_va/73355_DC_Permit.pdf,6463b5342d35940d29c5b3ab68fd2416972221c075abce9b8cca9a89885fc8d4,,Local PDF preserves permit text but not its download URL.
Virginia DEQ issued data center air permits,Published DEQ permit PDF; original URL unavailable in local delivery,Virginia data-center permit collection,2026-09-19,local_file_modified_date; unverified as pull date,,data/raw/deq_va/73363_DC_Permit.pdf,2bbc2ce953e3852b0bc59b20e4568f2935e40d7cd50886998a56f1fe185725ba,,Local PDF preserves permit text but not its download URL.
Virginia DEQ issued data center air permits,Published DEQ permit PDF; original URL unavailable in local delivery,Virginia data-center permit collection,2026-09-19,local_file_modified_date; unverified as pull date,,data/raw/deq_va/733693_DC_Permit.pdf,fc750ed261188f6f614322ab7749e9ef1e194402281bd374f4d0fb83d5a1a220,,Local PDF preserves permit text but not its download URL.
Virginia DEQ issued data center air permits,Published DEQ permit PDF; original URL unavailable in local delivery,Virginia data-center permit collection,2026-09-19,local_file_modified_date; unverified as pull date,,data/raw/deq_va/7337012_DC_Permit.pdf,446d2a4e4d4bf2279a90aafb1a45f9188dab5240f08440f75013f83e479cb924,,Local PDF preserves permit text but not its download URL.
Virginia DEQ issued data center air permits,Published DEQ permit PDF; original URL unavailable in local delivery,Virginia data-center permit collection,2026-09-19,local_file_modified_date; unverified as pull date,,data/raw/deq_va/7337015_DC_Permit.pdf,c6c0c116db3192d19be5cb541a35d532b1daa7e95a7c4edd0980fc0d8dfa713e,,Local PDF preserves permit text but not its download URL.
Virginia DEQ issued data center air permits,Published DEQ permit PDF; original URL unavailable in local delivery,Virginia data-center permit collection,2026-09-19,local_file_modified_date; unverified as pull date,,data/raw/deq_va/7337016_DC_Permit.pdf,3b5b0e1b44362b3e207bd3c54f93ee832d107ae4f0d435d02011172fa0e488db,,Local PDF preserves permit text but not its download URL.
Virginia DEQ issued data center air permits,Published DEQ permit PDF; original URL unavailable in local delivery,Virginia data-center permit collection,2026-09-19,local_file_modified_date; unverified as pull date,,data/raw/deq_va/73567_DC_Permit.pdf,db8c03315cf646c214db3fc75d7b78c5597477be7043be211c49289260507020,,Local PDF preserves permit text but not its download URL.
Virginia DEQ issued data center air permits,Published DEQ permit PDF; original URL unavailable in local delivery,Virginia data-center permit collection,2026-09-19,local_file_modified_date; unverified as pull date,,data/raw/deq_va/7364301_DC_Permit.pdf,9a383d60bf5cf6fee1a6679d9ac8c72915bdebd7779c4b440209854c1d4a25f1,,Local PDF preserves permit text but not its download URL.
Virginia DEQ issued data center air permits,Published DEQ permit PDF; original URL unavailable in local delivery,Virginia data-center permit collection,2026-09-19,local_file_modified_date; unverified as pull date,,data/raw/deq_va/7364303_DC_Permit.pdf,70ad6f6231aeacbd464ebf1b0f1e72da00079efb6851f9e361db78c4d6fd960c,,Local PDF preserves permit text but not its download URL.
Virginia DEQ issued data center air permits,Published DEQ permit PDF; original URL unavailable in local delivery,Virginia data-center permit collection,2026-09-19,local_file_modified_date; unverified as pull date,,data/raw/deq_va/7364304_DC_Permit.pdf,55fb6d59cc63e5d70364e4dc9b9026c4d180d0f9a0036a31a769115d1d4ee0c3,,Local PDF preserves permit text but not its download URL.
Virginia DEQ issued data center air permits,Published DEQ permit PDF; original URL unavailable in local delivery,Virginia data-center permit collection,2026-09-19,local_file_modified_date; unverified as pull date,,data/raw/deq_va/7364305_DC_Permit.pdf,1a0fdd61bbfc4e08688d869cc74f9ec20979a5ee637ea92cc99d4be9c74c0741,,Local PDF preserves permit text but not its download URL.
Virginia DEQ issued data center air permits,Published DEQ permit PDF; original URL unavailable in local delivery,Virginia data-center permit collection,2026-09-19,local_file_modified_date; unverified as pull date,,data/raw/deq_va/7367012_DC_Permit.pdf,914ade84bf86bc88239ffbe70fa75f774a89f9bfedaea1ca8ee5ef942671270a,,Local PDF preserves permit text but not its download URL.
Virginia DEQ issued data center air permits,Published DEQ permit PDF; original URL unavailable in local delivery,Virginia data-center permit collection,2026-09-19,local_file_modified_date; unverified as pull date,,data/raw/deq_va/7367014_DC_Permit.pdf,c633ad0de26cc792eedc76e3296e0dfe2d6d5f2d6a828ed53577430f8d690430,,Local PDF preserves permit text but not its download URL.
Virginia DEQ issued data center air permits,Published DEQ permit PDF; original URL unavailable in local delivery,Virginia data-center permit collection,2026-09-19,local_file_modified_date; unverified as pull date,,data/raw/deq_va/73683_DC_Permit.pdf,1a7d77d4029626c019e1011a504c47501f0efe1ddae51319c20300e6a3f04ae2,,Local PDF preserves permit text but not its download URL.
Virginia DEQ issued data center air permits,Published DEQ permit PDF; original URL unavailable in local delivery,Virginia data-center permit collection,2026-09-19,local_file_modified_date; unverified as pull date,,data/raw/deq_va/7371701_DC_Permit.pdf,8f3ff5b6b97b2a838338d1c9cd41cfa357ca2fbb34b930fc004e5037f1a64dcd,,Local PDF preserves permit text but not its download URL.
Virginia DEQ issued data center air permits,Published DEQ permit PDF; original URL unavailable in local delivery,Virginia data-center permit collection,2026-09-19,local_file_modified_date; unverified as pull date,,data/raw/deq_va/7371703_DC_Permit.pdf,a06fbb39d925fb4fafa35f2cae80e3e9a49091f01c4d01b361e7a1c5ff745146,,Local PDF preserves permit text but not its download URL.
Virginia DEQ issued data center air permits,Published DEQ permit PDF; original URL unavailable in local delivery,Virginia data-center permit collection,2026-09-19,local_file_modified_date; unverified as pull date,,data/raw/deq_va/7374123_DC_Permit.pdf,6f0e399232c6af95cc0b130d2ed4d2ca555694e6c50242da854733b95effa2d4,,Local PDF preserves permit text but not its download URL.
Virginia DEQ issued data center air permits,Published DEQ permit PDF; original URL unavailable in local delivery,Virginia data-center permit collection,2026-09-19,local_file_modified_date; unverified as pull date,,data/raw/deq_va/73743_DC_Permit.pdf,1d2dcf0a0baf62de2d64a4e812fe5399a8dca5b6ab5bba488199f58586ac665a,,Local PDF preserves permit text but not its download URL.
Virginia DEQ issued data center air permits,Published DEQ permit PDF; original URL unavailable in local delivery,Virginia data-center permit collection,2026-09-19,local_file_modified_date; unverified as pull date,,data/raw/deq_va/73757_DC_Permit.pdf,d37bbe0d39ee949f152971fce7dc854d74e1e743638f39f2295a7446a1a1b68e,,Local PDF preserves permit text but not its download URL.
Virginia DEQ issued data center air permits,Published DEQ permit PDF; original URL unavailable in local delivery,Virginia data-center permit collection,2026-09-19,local_file_modified_date; unverified as pull date,,data/raw/deq_va/73798_DC_Permit.pdf,a9e58c500567159d548aaf2ccb4f8de0a3d488d0a36a7734154a78b108342daf,,Local PDF preserves permit text but not its download URL.
Virginia DEQ issued data center air permits,Published DEQ permit PDF; original URL unavailable in local delivery,Virginia data-center permit collection,2026-09-19,local_file_modified_date; unverified as pull date,,data/raw/deq_va/73809_DC_Permit.pdf,eb8749c3b4aded3c6cdf818ba57e141d2f034d0005c6bbf1555e503adf3b2b9b,,Local PDF preserves permit text but not its download URL.
Virginia DEQ issued data center air permits,Published DEQ permit PDF; original URL unavailable in local delivery,Virginia data-center permit collection,2026-09-19,local_file_modified_date; unverified as pull date,,data/raw/deq_va/73813_DC_Permit.pdf,955c84736975aaffece9440919584a85d62b777979d6d4be85cdf716c1be1901,,Local PDF preserves permit text but not its download URL.
Virginia DEQ issued data center air permits,Published DEQ permit PDF; original URL unavailable in local delivery,Virginia data-center permit collection,2026-09-19,local_file_modified_date; unverified as pull date,,data/raw/deq_va/73823_DC_Permit.pdf,53ce474c5952464973c70ade64e89280d015df6d613527c6f451f8034fc52f1d,,Local PDF preserves permit text but not its download URL.
Virginia DEQ issued data center air permits,Published DEQ permit PDF; original URL unavailable in local delivery,Virginia data-center permit collection,2026-09-19,local_file_modified_date; unverified as pull date,,data/raw/deq_va/73853_DC_Permit.pdf,9826fd6823584c21d395eebd28400ffabc1225de71c9ca817ccb9ecaa73474bd,,Local PDF preserves permit text but not its download URL.
Virginia DEQ issued data center air permits,Published DEQ permit PDF; original URL unavailable in local delivery,Virginia data-center permit collection,2026-09-19,local_file_modified_date; unverified as pull date,,data/raw/deq_va/73860_DC_Permit.pdf,a6a743c14382cf11c8f4cb61d327c027f0dcea5a49a3b252a004ba8e4e5b5cf5,,Local PDF preserves permit text but not its download URL.
Virginia DEQ issued data center air permits,Published DEQ permit PDF; original URL unavailable in local delivery,Virginia data-center permit collection,2026-09-19,local_file_modified_date; unverified as pull date,,data/raw/deq_va/73868_DC_Permit.pdf,b45a346933fdeef163e9cdc83734283482c2e10625e0a72e0cae6dd04d7dc482,,Local PDF preserves permit text but not its download URL.
Virginia DEQ issued data center air permits,Published DEQ permit PDF; original URL unavailable in local delivery,Virginia data-center permit collection,2026-09-19,local_file_modified_date; unverified as pull date,,data/raw/deq_va/73935_DC_Permit.pdf,9454055ffc5447760d642c45401cdb48a99230f4e8882516790a5a2a4762a4f7,,Local PDF preserves permit text but not its download URL.
Virginia DEQ issued data center air permits,Published DEQ permit PDF; original URL unavailable in local delivery,Virginia data-center permit collection,2026-09-19,local_file_modified_date; unverified as pull date,,data/raw/deq_va/7394606_DC_Permit.pdf,152f0fd333f6c5fc7d32eab9198535e9f01ea723d4810867b6707b21aeae54b3,,Local PDF preserves permit text but not its download URL.
Virginia DEQ issued data center air permits,Published DEQ permit PDF; original URL unavailable in local delivery,Virginia data-center permit collection,2026-09-19,local_file_modified_date; unverified as pull date,,data/raw/deq_va/73954_DC_Permit.pdf,e841fac6c925b6919d34a0796654cbfbb58822924f6f59ebc3848e1a0715d10e,,Local PDF preserves permit text but not its download URL.
Virginia DEQ issued data center air permits,Published DEQ permit PDF; original URL unavailable in local delivery,Virginia data-center permit collection,2026-09-19,local_file_modified_date; unverified as pull date,,data/raw/deq_va/7397701_DC_Permit.pdf,75e0c386e6286595d3dff3142cbb54ba01f5b8d8ad447e93e4413ade9273e24e,,Local PDF preserves permit text but not its download URL.
Virginia DEQ issued data center air permits,Published DEQ permit PDF; original URL unavailable in local delivery,Virginia data-center permit collection,2026-09-19,local_file_modified_date; unverified as pull date,,data/raw/deq_va/7397702_DC_Permit.pdf,fd9d712616b3fa33b4c1410387896174d6c2f9c5efe243eceb5d8c5d51eaccb9,,Local PDF preserves permit text but not its download URL.
Virginia DEQ issued data center air permits,Published DEQ permit PDF; original URL unavailable in local delivery,Virginia data-center permit collection,2026-09-19,local_file_modified_date; unverified as pull date,,data/raw/deq_va/73995_DC_Permit.pdf,8aae16e0af4a3d4765712cf304d8c8ac920187933e6c36e8549f08ea1558a996,,Local PDF preserves permit text but not its download URL.
Virginia DEQ issued data center air permits,Published DEQ permit PDF; original URL unavailable in local delivery,Virginia data-center permit collection,2026-09-19,local_file_modified_date; unverified as pull date,,data/raw/deq_va/74049_DC_Permit.pdf,da024e7f75cd9e5d799ce763509442788b36ba3f198341125f0df21c631e2f76,,Local PDF preserves permit text but not its download URL.
Virginia DEQ issued data center air permits,Published DEQ permit PDF; original URL unavailable in local delivery,Virginia data-center permit collection,2026-09-19,local_file_modified_date; unverified as pull date,,data/raw/deq_va/74052_DC_Permit.pdf,b482019dc41f64d8b524b431472c43fa8b7eda2997fc6669b651c1a99c34cc7d,,Local PDF preserves permit text but not its download URL.
Virginia DEQ issued data center air permits,Published DEQ permit PDF; original URL unavailable in local delivery,Virginia data-center permit collection,2026-09-19,local_file_modified_date; unverified as pull date,,data/raw/deq_va/74060_DC_Permit.pdf,89c7a046b83bf08b8680bbf10cebdb13add64a904a484dbc4abbb541caa3bbe1,,Local PDF preserves permit text but not its download URL.
Virginia DEQ issued data center air permits,Published DEQ permit PDF; original URL unavailable in local delivery,Virginia data-center permit collection,2026-09-19,local_file_modified_date; unverified as pull date,,data/raw/deq_va/740635_DC_Permit.pdf,936540d71e7a4a2b2a2a4e5e8256f1641c4c5e22fa0259303a86aa758048cb77,,Local PDF preserves permit text but not its download URL.
Virginia DEQ issued data center air permits,Published DEQ permit PDF; original URL unavailable in local delivery,Virginia data-center permit collection,2026-09-19,local_file_modified_date; unverified as pull date,,data/raw/deq_va/74064_DC_Permit.pdf,04ccf4347347b111bfb24481ac54a90ce73730ab8d7063cdc2824b630735dd23,,Local PDF preserves permit text but not its download URL.
Virginia DEQ issued data center air permits,Published DEQ permit PDF; original URL unavailable in local delivery,Virginia data-center permit collection,2026-09-19,local_file_modified_date; unverified as pull date,,data/raw/deq_va/74079_DC_Permit.pdf,52161d60ff292f412a42f290deba4279135088f94f1656cc528c611fd608d10d,,Local PDF preserves permit text but not its download URL.
Virginia DEQ issued data center air permits,Published DEQ permit PDF; original URL unavailable in local delivery,Virginia data-center permit collection,2026-09-19,local_file_modified_date; unverified as pull date,,data/raw/deq_va/74080_DC_Permit.pdf,c73ba7889c15b27582b00bbdba401cc282411a69c349ceab8b1af2fc383979a6,,Local PDF preserves permit text but not its download URL.
Virginia DEQ issued data center air permits,Published DEQ permit PDF; original URL unavailable in local delivery,Virginia data-center permit collection,2026-09-19,local_file_modified_date; unverified as pull date,,data/raw/deq_va/74081_DC_Permit.pdf,5761fd7db96fd2b39ce10342b0c2df7f1ccdf9e9865a1d54b55b64226bf3a1be,,Local PDF preserves permit text but not its download URL.
Virginia DEQ issued data center air permits,Published DEQ permit PDF; original URL unavailable in local delivery,Virginia data-center permit collection,2026-09-19,local_file_modified_date; unverified as pull date,,data/raw/deq_va/74085_DC_Permit.pdf,852aef7d2aa7b5217374c508eca57c142d0c32c9fe33fba41c47e6c0042b2785,,Local PDF preserves permit text but not its download URL.
Virginia DEQ issued data center air permits,Published DEQ permit PDF; original URL unavailable in local delivery,Virginia data-center permit collection,2026-09-19,local_file_modified_date; unverified as pull date,,data/raw/deq_va/74086_DC_Permit.pdf,bcd8de80c4fa4318df42b3e986c6d027c53e041b3a050cbf641a445fc0e16398,,Local PDF preserves permit text but not its download URL.
Virginia DEQ issued data center air permits,Published DEQ permit PDF; original URL unavailable in local delivery,Virginia data-center permit collection,2026-09-19,local_file_modified_date; unverified as pull date,,data/raw/deq_va/74094_DC_Permit.pdf,c4e484a3e45050261ce8a510d4766602129da01665f569b34be644aab5afdde3,,Local PDF preserves permit text but not its download URL.
Virginia DEQ issued data center air permits,Published DEQ permit PDF; original URL unavailable in local delivery,Virginia data-center permit collection,2026-09-19,local_file_modified_date; unverified as pull date,,data/raw/deq_va/74107_DC_Permit.pdf,0222bb87b7c8c4aa326875d741eef79fe5abce317625e8a53ccd1da6868e22b0,,Local PDF preserves permit text but not its download URL.
Virginia DEQ issued data center air permits,Published DEQ permit PDF; original URL unavailable in local delivery,Virginia data-center permit collection,2026-09-19,local_file_modified_date; unverified as pull date,,data/raw/deq_va/74109_DC_Permit.pdf,175a1fea80a704b5559933eedb09e8858bd11c5a619dd479a5aa16302090d5e2,,Local PDF preserves permit text but not its download URL.
Virginia DEQ issued data center air permits,Published DEQ permit PDF; original URL unavailable in local delivery,Virginia data-center permit collection,2026-09-19,local_file_modified_date; unverified as pull date,,data/raw/deq_va/741125_DC_Permit.pdf,d6f29e4e1300bf1c5bb34c7d5102f2043f1329fe5da3d3a254c22d951f986069,,Local PDF preserves permit text but not its download URL.
Virginia DEQ issued data center air permits,Published DEQ permit PDF; original URL unavailable in local delivery,Virginia data-center permit collection,2026-09-19,local_file_modified_date; unverified as pull date,,data/raw/deq_va/74114_DC_Permit.pdf,07b0af5e40829eb8e4d962f294e5d6f316946e76df9c6fa95cf08b246c663d04,,Local PDF preserves permit text but not its download URL.
Virginia DEQ issued data center air permits,Published DEQ permit PDF; original URL unavailable in local delivery,Virginia data-center permit collection,2026-09-19,local_file_modified_date; unverified as pull date,,data/raw/deq_va/74115_DC_Permit.pdf,6f40787221c10345083942f83367a5f32228395fdd3d028180c7568785f4b70a,,Local PDF preserves permit text but not its download URL.
Virginia DEQ issued data center air permits,Published DEQ permit PDF; original URL unavailable in local delivery,Virginia data-center permit collection,2026-09-19,local_file_modified_date; unverified as pull date,,data/raw/deq_va/741183_DC_Permit.pdf,30a06d32f7ba9953383a6c7597ddf6640a252a84117275c32a8f08a42956768c,,Local PDF preserves permit text but not its download URL.
Virginia DEQ issued data center air permits,Published DEQ permit PDF; original URL unavailable in local delivery,Virginia data-center permit collection,2026-09-19,local_file_modified_date; unverified as pull date,,data/raw/deq_va/74120_DC_Permit.pdf,2842833c51dfe81fef6ef1ac286ea31445826cb9be5285a5621fd8c99fee727a,,Local PDF preserves permit text but not its download URL.
Virginia DEQ issued data center air permits,Published DEQ permit PDF; original URL unavailable in local delivery,Virginia data-center permit collection,2026-09-19,local_file_modified_date; unverified as pull date,,data/raw/deq_va/74121_DC_Permit.pdf,5fe8fd6fe76240a2f9a44666ecb7bf66f6cb1a8f430abbc02d180bc55c8b1834,,Local PDF preserves permit text but not its download URL.
Virginia DEQ issued data center air permits,Published DEQ permit PDF; original URL unavailable in local delivery,Virginia data-center permit collection,2026-09-19,local_file_modified_date; unverified as pull date,,data/raw/deq_va/74126_DC_Permit.pdf,b8a4f66ea4620c65b2d16fe255fe739995a927f5390852ac511bcd2ede0de65e,,Local PDF preserves permit text but not its download URL.
Virginia DEQ issued data center air permits,Published DEQ permit PDF; original URL unavailable in local delivery,Virginia data-center permit collection,2026-09-19,local_file_modified_date; unverified as pull date,,data/raw/deq_va/741273_DC_Permit.pdf,921bc2eee51bbdc392f5b5b494a86470b68bc8b1f8a30fc1e73ec2d3697357e9,,Local PDF preserves permit text but not its download URL.
Virginia DEQ issued data center air permits,Published DEQ permit PDF; original URL unavailable in local delivery,Virginia data-center permit collection,2026-09-19,local_file_modified_date; unverified as pull date,,data/raw/deq_va/74129_DC_Permit.pdf,2990c780d9e53c2672830a93f95665b3ffe22b4aefbbcb08e4e1baabfcd5793a,,Local PDF preserves permit text but not its download URL.
Virginia DEQ issued data center air permits,Published DEQ permit PDF; original URL unavailable in local delivery,Virginia data-center permit collection,2026-09-19,local_file_modified_date; unverified as pull date,,data/raw/deq_va/74130_DC_Permit.pdf,4311da69b0e05f041e32581edf4222ac5050cd15f13b9077b6b17d47f1807dc1,,Local PDF preserves permit text but not its download URL.
Virginia DEQ issued data center air permits,Published DEQ permit PDF; original URL unavailable in local delivery,Virginia data-center permit collection,2026-09-19,local_file_modified_date; unverified as pull date,,data/raw/deq_va/74141_DC_Permit.pdf,eb93c7b505bf198b715be31dad9878b0499d7b827faf9baeab4281dbf8b2700e,,Local PDF preserves permit text but not its download URL.
Virginia DEQ issued data center air permits,Published DEQ permit PDF; original URL unavailable in local delivery,Virginia data-center permit collection,2026-09-19,local_file_modified_date; unverified as pull date,,data/raw/deq_va/74147_DC_Permit.pdf,4f0de3afc610662d2cdb37b03100f7c05a63a5e29c9e44dab27b1ff492b8dd3b,,Local PDF preserves permit text but not its download URL.
Virginia DEQ issued data center air permits,Published DEQ permit PDF; original URL unavailable in local delivery,Virginia data-center permit collection,2026-09-19,local_file_modified_date; unverified as pull date,,data/raw/deq_va/741503_DC_Permit.pdf,694e956dfcd52196bf0aa848f9e4d59c1e2f8c90e922a025e47413765abb2f8e,,Local PDF preserves permit text but not its download URL.
Virginia DEQ issued data center air permits,Published DEQ permit PDF; original URL unavailable in local delivery,Virginia data-center permit collection,2026-09-19,local_file_modified_date; unverified as pull date,,data/raw/deq_va/74152_DC_Permit.pdf,8261fb76d239e851bdfe95149b52edb6670552c26d779f61c7be0bb84f30b186,,Local PDF preserves permit text but not its download URL.
Virginia DEQ issued data center air permits,Published DEQ permit PDF; original URL unavailable in local delivery,Virginia data-center permit collection,2026-09-19,local_file_modified_date; unverified as pull date,,data/raw/deq_va/74153_DC_Permit.pdf,971afffa13c9d8b15c1b391506903a7d181e154318f82aab4408b30a633a04a2,,Local PDF preserves permit text but not its download URL.
Virginia DEQ issued data center air permits,Published DEQ permit PDF; original URL unavailable in local delivery,Virginia data-center permit collection,2026-09-19,local_file_modified_date; unverified as pull date,,data/raw/deq_va/741545_DC_Permit.pdf,a1e42fa2485bd4578245c2e870f0ec4168851123a24b8e26960b755f4a280a13,,Local PDF preserves permit text but not its download URL.
Virginia DEQ issued data center air permits,Published DEQ permit PDF; original URL unavailable in local delivery,Virginia data-center permit collection,2026-09-19,local_file_modified_date; unverified as pull date,,data/raw/deq_va/74155_DC_Permit.pdf,912c5e46a7cc5a3586b3a485fcaaa9e949743700820f422852445095615edddb,,Local PDF preserves permit text but not its download URL.
Virginia DEQ issued data center air permits,Published DEQ permit PDF; original URL unavailable in local delivery,Virginia data-center permit collection,2026-09-19,local_file_modified_date; unverified as pull date,,data/raw/deq_va/74156_DC_Permit.pdf,ea531e0dfa3de45f6fcc3df71b8bbc711a1a7540466ea6431cfcc178cad78664,,Local PDF preserves permit text but not its download URL.
Virginia DEQ issued data center air permits,Published DEQ permit PDF; original URL unavailable in local delivery,Virginia data-center permit collection,2026-09-19,local_file_modified_date; unverified as pull date,,data/raw/deq_va/741603_DC_Permit.pdf,6d5047229ae87ca1e45369e31277032ed80512d061ffd9b0c8fc25e93298bb5e,,Local PDF preserves permit text but not its download URL.
Virginia DEQ issued data center air permits,Published DEQ permit PDF; original URL unavailable in local delivery,Virginia data-center permit collection,2026-09-19,local_file_modified_date; unverified as pull date,,data/raw/deq_va/741615_DC_Permit.pdf,4e95088ccb6a5051da8a09d089db844e81644bbc372e98ccd3dc0e64466d371d,,Local PDF preserves permit text but not its download URL.
Virginia DEQ issued data center air permits,Published DEQ permit PDF; original URL unavailable in local delivery,Virginia data-center permit collection,2026-09-19,local_file_modified_date; unverified as pull date,,data/raw/deq_va/74162_DC_Permit.pdf,cc3255c4d576b24ecbab77d4c100996d13a9e6887a363b8f1d9caa627f3140d0,,Local PDF preserves permit text but not its download URL.
Virginia DEQ issued data center air permits,Published DEQ permit PDF; original URL unavailable in local delivery,Virginia data-center permit collection,2026-09-19,local_file_modified_date; unverified as pull date,,data/raw/deq_va/74163_DC_Permit.pdf,d82aeb0f03b0108b75e2880e30e114201c7af0af5c1c3e8d4106d8bb01e22548,,Local PDF preserves permit text but not its download URL.
Virginia DEQ issued data center air permits,Published DEQ permit PDF; original URL unavailable in local delivery,Virginia data-center permit collection,2026-09-19,local_file_modified_date; unverified as pull date,,data/raw/deq_va/74164_DC_Permit.pdf,d30e56f9f840392c0db3a83945ad4da0d990b932d880608f7377a15e6c190969,,Local PDF preserves permit text but not its download URL.
Virginia DEQ issued data center air permits,Published DEQ permit PDF; original URL unavailable in local delivery,Virginia data-center permit collection,2026-09-19,local_file_modified_date; unverified as pull date,,data/raw/deq_va/74167_DC_Permit.pdf,22f7337e759d587ae502efeb9efe11d8a6adf4206b9922df7c51dfab3a52dfc7,,Local PDF preserves permit text but not its download URL.
Virginia DEQ issued data center air permits,Published DEQ permit PDF; original URL unavailable in local delivery,Virginia data-center permit collection,2026-09-19,local_file_modified_date; unverified as pull date,,data/raw/deq_va/74169_DC_Permit.pdf,641777eba2023e18897eef2c8bec205551b3482c0a8fa0833c911b68b71787fa,,Local PDF preserves permit text but not its download URL.
Virginia DEQ issued data center air permits,Published DEQ permit PDF; original URL unavailable in local delivery,Virginia data-center permit collection,2026-09-19,local_file_modified_date; unverified as pull date,,data/raw/deq_va/74170_DC_Permit.pdf,5545828e011ede665efea374078ce6d9e54a3369e50491827dd5190de3e8b89f,,Local PDF preserves permit text but not its download URL.
Virginia DEQ issued data center air permits,Published DEQ permit PDF; original URL unavailable in local delivery,Virginia data-center permit collection,2026-09-19,local_file_modified_date; unverified as pull date,,data/raw/deq_va/741714_DC_Permit.pdf,fbc1567c80f627924ed2d8ddbd1f7aad13f52389f0c899d4e153d171774c0602,,Local PDF preserves permit text but not its download URL.
Virginia DEQ issued data center air permits,Published DEQ permit PDF; original URL unavailable in local delivery,Virginia data-center permit collection,2026-09-19,local_file_modified_date; unverified as pull date,,data/raw/deq_va/74172_DC_Permit.pdf,eb2b5c8bcf7dcf19df3cb25c1c68eb427762a83ef8325ba8c1edcd3d2cb5ba7b,,Local PDF preserves permit text but not its download URL.
Virginia DEQ issued data center air permits,Published DEQ permit PDF; original URL unavailable in local delivery,Virginia data-center permit collection,2026-09-19,local_file_modified_date; unverified as pull date,,data/raw/deq_va/741736_DC_Permit.pdf,09b74dade1509bb9b23175eea47c882c327261fac31cf21db58a3c560d9f66da,,Local PDF preserves permit text but not its download URL.
Virginia DEQ issued data center air permits,Published DEQ permit PDF; original URL unavailable in local delivery,Virginia data-center permit collection,2026-09-19,local_file_modified_date; unverified as pull date,,data/raw/deq_va/74174_DC_Permit.pdf,d828a880ec3cec487520b8b5eda7333d5187b1a487b77f3abdc48668bf217a6c,,Local PDF preserves permit text but not its download URL.
Virginia DEQ issued data center air permits,Published DEQ permit PDF; original URL unavailable in local delivery,Virginia data-center permit collection,2026-09-19,local_file_modified_date; unverified as pull date,,data/raw/deq_va/74181_DC_Permit.pdf,5ccf1553e3e6bd58ca89038a0252e6220b439c90c6a0c816f76ff11654863ea3,,Local PDF preserves permit text but not its download URL.
Virginia DEQ issued data center air permits,Published DEQ permit PDF; original URL unavailable in local delivery,Virginia data-center permit collection,2026-09-19,local_file_modified_date; unverified as pull date,,data/raw/deq_va/74184_DC_Permit.pdf,02b9cba65d8db07b4e65c504210ed4f2be93ba265e0e59d81280a288ac553b3b,,Local PDF preserves permit text but not its download URL.
Virginia DEQ issued data center air permits,Published DEQ permit PDF; original URL unavailable in local delivery,Virginia data-center permit collection,2026-09-19,local_file_modified_date; unverified as pull date,,data/raw/deq_va/741895_DC_Permit.pdf,2f6bf7eb8e88ddd16462645d6d473943221e35dcc3e8713b83be1d1319366a3e,,Local PDF preserves permit text but not its download URL.
Virginia DEQ issued data center air permits,Published DEQ permit PDF; original URL unavailable in local delivery,Virginia data-center permit collection,2026-09-19,local_file_modified_date; unverified as pull date,,data/raw/deq_va/74190_DC_Permit.pdf,e44fe15bfbfe5d4947e71c0838ca649ab2161b3cf0462d9c61fd1489973613c1,,Local PDF preserves permit text but not its download URL.
Virginia DEQ issued data center air permits,Published DEQ permit PDF; original URL unavailable in local delivery,Virginia data-center permit collection,2026-09-19,local_file_modified_date; unverified as pull date,,data/raw/deq_va/74197_DC_Permit.pdf,1f36adbf1e0ca48f61ef582cee2635641740f185c2aae97aff4fb22ca196cc88,,Local PDF preserves permit text but not its download URL.
Virginia DEQ issued data center air permits,Published DEQ permit PDF; original URL unavailable in local delivery,Virginia data-center permit collection,2026-09-19,local_file_modified_date; unverified as pull date,,data/raw/deq_va/74198_DC_Permit.pdf,bdf4ecadaceccb6dcc3a485dab67fd6b33886a035d66651cf26ae765ef119c5d,,Local PDF preserves permit text but not its download URL.
Virginia DEQ issued data center air permits,Published DEQ permit PDF; original URL unavailable in local delivery,Virginia data-center permit collection,2026-09-19,local_file_modified_date; unverified as pull date,,data/raw/deq_va/74201_DC_Permit.pdf,2b18872ee84a2816e292b044af006d2e3f6da54591f11f5982aa7da473bdf37a,,Local PDF preserves permit text but not its download URL.
Virginia DEQ issued data center air permits,Published DEQ permit PDF; original URL unavailable in local delivery,Virginia data-center permit collection,2026-09-19,local_file_modified_date; unverified as pull date,,data/raw/deq_va/742054_DC_Permit.pdf,1ee71bb0b15e54a2ca354a6896ae18f296233bf5fe15fbe5dc7b47985aa82451,,Local PDF preserves permit text but not its download URL.
Virginia DEQ issued data center air permits,Published DEQ permit PDF; original URL unavailable in local delivery,Virginia data-center permit collection,2026-09-19,local_file_modified_date; unverified as pull date,,data/raw/deq_va/74207_DC_Permit.pdf,abda0de6f4beb600c62696d5c7846cdb700dbeee7a0344fc1ea97f1d0ab48f9b,,Local PDF preserves permit text but not its download URL.
Virginia DEQ issued data center air permits,Published DEQ permit PDF; original URL unavailable in local delivery,Virginia data-center permit collection,2026-09-19,local_file_modified_date; unverified as pull date,,data/raw/deq_va/742123_DC_Permit.pdf,25799f0381f55af972351fca296564a17ffb8360d6a46eebb9dbfc39a3e85db6,,Local PDF preserves permit text but not its download URL.
Virginia DEQ issued data center air permits,Published DEQ permit PDF; original URL unavailable in local delivery,Virginia data-center permit collection,2026-09-19,local_file_modified_date; unverified as pull date,,data/raw/deq_va/74214_DC_Permit.pdf,d6c426b936968e7a96d45887a9fb1b3c1d6d0d97f6681f9efbdb2fe3a78920ed,,Local PDF preserves permit text but not its download URL.
Virginia DEQ issued data center air permits,Published DEQ permit PDF; original URL unavailable in local delivery,Virginia data-center permit collection,2026-09-19,local_file_modified_date; unverified as pull date,,data/raw/deq_va/74216_DC_Permit.pdf,72db88c58b86562b713615809744187563896bd9c2dbaba99e96b95656ea0d62,,Local PDF preserves permit text but not its download URL.
Virginia DEQ issued data center air permits,Published DEQ permit PDF; original URL unavailable in local delivery,Virginia data-center permit collection,2026-09-19,local_file_modified_date; unverified as pull date,,data/raw/deq_va/74220_DC_Permit.pdf,b0cffa6bcbaf4aa6a48c2f4e18ed8d2b62ba783c1dfb7e2716ae43ba661829d2,,Local PDF preserves permit text but not its download URL.
Virginia DEQ issued data center air permits,Published DEQ permit PDF; original URL unavailable in local delivery,Virginia data-center permit collection,2026-09-19,local_file_modified_date; unverified as pull date,,data/raw/deq_va/74221_DC_Permit.pdf,58db29be5631f63f09c55b05195c9e700d06d8be4513960a9ca96d3b6275d728,,Local PDF preserves permit text but not its download URL.
Virginia DEQ issued data center air permits,Published DEQ permit PDF; original URL unavailable in local delivery,Virginia data-center permit collection,2026-09-19,local_file_modified_date; unverified as pull date,,data/raw/deq_va/74224_DC_Permit.pdf,6f2b70443bcab519d66d72691947bb5d0197f28977c2459f178f6eb47a2f1e66,,Local PDF preserves permit text but not its download URL.
Virginia DEQ issued data center air permits,Published DEQ permit PDF; original URL unavailable in local delivery,Virginia data-center permit collection,2026-09-19,local_file_modified_date; unverified as pull date,,data/raw/deq_va/74227_DC_Permit.pdf,fb0d652e2226dc874a5be58bd602d38885577a8bc7f9724dd07606e283262009,,Local PDF preserves permit text but not its download URL.
Virginia DEQ issued data center air permits,Published DEQ permit PDF; original URL unavailable in local delivery,Virginia data-center permit collection,2026-09-19,local_file_modified_date; unverified as pull date,,data/raw/deq_va/74232_DC_Permit.pdf,e29b3bb53efda9f7cd9140de01480a7536246cb272a8557d326899ce2fe09fa1,,Local PDF preserves permit text but not its download URL.
Virginia DEQ issued data center air permits,Published DEQ permit PDF; original URL unavailable in local delivery,Virginia data-center permit collection,2026-09-19,local_file_modified_date; unverified as pull date,,data/raw/deq_va/742342_DC_Permit.pdf,327c789497a335b4bfecf7fc46f214301df105097118394b5c621d71ce943df5,,Local PDF preserves permit text but not its download URL.
Virginia DEQ issued data center air permits,Published DEQ permit PDF; original URL unavailable in local delivery,Virginia data-center permit collection,2026-09-19,local_file_modified_date; unverified as pull date,,data/raw/deq_va/74235_DC_Permit.pdf,65cc0f4bd4fffc43611557c62104abbc3e24901eb411c1be9aa8f508986b2c2e,,Local PDF preserves permit text but not its download URL.
Virginia DEQ issued data center air permits,Published DEQ permit PDF; original URL unavailable in local delivery,Virginia data-center permit collection,2026-09-19,local_file_modified_date; unverified as pull date,,data/raw/deq_va/74236_DC_Permit.pdf,56a28a0ae0c4ef15bb7ee10ff59063d68111eeb5797e4536a063fb4311db8617,,Local PDF preserves permit text but not its download URL.
Virginia DEQ issued data center air permits,Published DEQ permit PDF; original URL unavailable in local delivery,Virginia data-center permit collection,2026-09-19,local_file_modified_date; unverified as pull date,,data/raw/deq_va/74237_DC_Permit.pdf,caba58c05b8acf15e2a1db454677019d798ce85a21729f8aef2feb890e71e2fb,,Local PDF preserves permit text but not its download URL.
Virginia DEQ issued data center air permits,Published DEQ permit PDF; original URL unavailable in local delivery,Virginia data-center permit collection,2026-09-19,local_file_modified_date; unverified as pull date,,data/raw/deq_va/742392_DC_Permit.pdf,79d01e46012d90fa48c63db355156d0041298e015c763b15c410189b7e101cc4,,Local PDF preserves permit text but not its download URL.
Virginia DEQ issued data center air permits,Published DEQ permit PDF; original URL unavailable in local delivery,Virginia data-center permit collection,2026-09-19,local_file_modified_date; unverified as pull date,,data/raw/deq_va/74240_DC_Permit.pdf,eb64454fc6899b27152c1400938b64297f7917c8e547d15251fbc6077c1381d3,,Local PDF preserves permit text but not its download URL.
Virginia DEQ issued data center air permits,Published DEQ permit PDF; original URL unavailable in local delivery,Virginia data-center permit collection,2026-09-19,local_file_modified_date; unverified as pull date,,data/raw/deq_va/742414_DC_Permit.pdf,c8fae0dc0be5c07004118b8eb698e556419b6267b71d5828ed1ac2bcdd35d35d,,Local PDF preserves permit text but not its download URL.
Virginia DEQ issued data center air permits,Published DEQ permit PDF; original URL unavailable in local delivery,Virginia data-center permit collection,2026-09-19,local_file_modified_date; unverified as pull date,,data/raw/deq_va/74242_DC_Permit.pdf,d8d8738d431e80cc5dacac5767bb91d070b60bd374f161c642b7001a8ef9ee04,,Local PDF preserves permit text but not its download URL.
Virginia DEQ issued data center air permits,Published DEQ permit PDF; original URL unavailable in local delivery,Virginia data-center permit collection,2026-09-19,local_file_modified_date; unverified as pull date,,data/raw/deq_va/74244_DC_Permit.pdf,808a764ad5440367d377299b66bbe1ca286c4dbdaa23cde4de6ed7224952d015,,Local PDF preserves permit text but not its download URL.
Virginia DEQ issued data center air permits,Published DEQ permit PDF; original URL unavailable in local delivery,Virginia data-center permit collection,2026-09-19,local_file_modified_date; unverified as pull date,,data/raw/deq_va/74246_DC_Permit.pdf,7c1e3c8ec35ac4f5263219a2b0c24101b6e09f62b606b4f49010fe065d6718a9,,Local PDF preserves permit text but not its download URL.
Virginia DEQ issued data center air permits,Published DEQ permit PDF; original URL unavailable in local delivery,Virginia data-center permit collection,2026-09-19,local_file_modified_date; unverified as pull date,,data/raw/deq_va/74247_DC_Permit.pdf,99fd398d5eef2a48f67d644068f8186f5c9f4d6a264bb25c53655f84dc0cfbd8,,Local PDF preserves permit text but not its download URL.
Virginia DEQ issued data center air permits,Published DEQ permit PDF; original URL unavailable in local delivery,Virginia data-center permit collection,2026-09-19,local_file_modified_date; unverified as pull date,,data/raw/deq_va/74250_DC_Permit.pdf,487e133074f0798be4443a8abdb44285b085fdd307a40e53e9ab346c9e7a65b5,,Local PDF preserves permit text but not its download URL.
Virginia DEQ issued data center air permits,Published DEQ permit PDF; original URL unavailable in local delivery,Virginia data-center permit collection,2026-09-19,local_file_modified_date; unverified as pull date,,data/raw/deq_va/74252_DC_Permit.pdf,a289c46d5eada8d13ca4c26e99293d12ba885978aa5d86c3eab1a29a19066815,,Local PDF preserves permit text but not its download URL.
Virginia DEQ issued data center air permits,Published DEQ permit PDF; original URL unavailable in local delivery,Virginia data-center permit collection,2026-09-19,local_file_modified_date; unverified as pull date,,data/raw/deq_va/742602_DC_Permit.pdf,3060a1865aebf19c33b28fe7f3175e36ac809881c27596cf3e2c0fa84f525b33,,Local PDF preserves permit text but not its download URL.
Virginia DEQ issued data center air permits,Published DEQ permit PDF; original URL unavailable in local delivery,Virginia data-center permit collection,2026-09-19,local_file_modified_date; unverified as pull date,,data/raw/deq_va/742624_DC_Permit.pdf,c3ee857fec8c29e54f26c541edda9f7b7c76fe46147aee97b2ba104efd80eebf,,Local PDF preserves permit text but not its download URL.
Virginia DEQ issued data center air permits,Published DEQ permit PDF; original URL unavailable in local delivery,Virginia data-center permit collection,2026-09-19,local_file_modified_date; unverified as pull date,,data/raw/deq_va/74264_DC_Permit.pdf,17c9fe12b59053814468c3ce315c597998f78dcac7f91e83d8fbc122d6aa218e,,Local PDF preserves permit text but not its download URL.
Virginia DEQ issued data center air permits,Published DEQ permit PDF; original URL unavailable in local delivery,Virginia data-center permit collection,2026-09-19,local_file_modified_date; unverified as pull date,,data/raw/deq_va/742653_DC_Permit.pdf,85c8208d9b57d6794240f29f3c106bf2db63518608e6470896ea01e4ae61cc7c,,Local PDF preserves permit text but not its download URL.
Virginia DEQ issued data center air permits,Published DEQ permit PDF; original URL unavailable in local delivery,Virginia data-center permit collection,2026-09-19,local_file_modified_date; unverified as pull date,,data/raw/deq_va/742692_DC_Permit.pdf,3e824a7ca46602eace17289b9181f4b10808f481b8350c79563077b343cbd1c5,,Local PDF preserves permit text but not its download URL.
Virginia DEQ issued data center air permits,Published DEQ permit PDF; original URL unavailable in local delivery,Virginia data-center permit collection,2026-09-19,local_file_modified_date; unverified as pull date,,data/raw/deq_va/74270_DC_Permit.pdf,4a039f9e7a524b550885409ab5e7fab8315e6ea1dddad8405de2c1998f19fc7e,,Local PDF preserves permit text but not its download URL.
Virginia DEQ issued data center air permits,Published DEQ permit PDF; original URL unavailable in local delivery,Virginia data-center permit collection,2026-09-19,local_file_modified_date; unverified as pull date,,data/raw/deq_va/74272_DC_Permit.pdf,6f6ecb482ad6972ae8d775af3e00d3fba64383188499d7903986f80121fba03c,,Local PDF preserves permit text but not its download URL.
Virginia DEQ issued data center air permits,Published DEQ permit PDF; original URL unavailable in local delivery,Virginia data-center permit collection,2026-09-19,local_file_modified_date; unverified as pull date,,data/raw/deq_va/74273_DC_Permit.pdf,6550a9a9daf88cddce0046062d6c7914b68c040fafd16047d8136a55ddcf2dd2,,Local PDF preserves permit text but not its download URL.
Virginia DEQ issued data center air permits,Published DEQ permit PDF; original URL unavailable in local delivery,Virginia data-center permit collection,2026-09-19,local_file_modified_date; unverified as pull date,,data/raw/deq_va/74274_DC_Permit.pdf,518281b7e67179d6d62d419ab8123aa701d988f101d25fd7e25b0cda0d6e2fe1,,Local PDF preserves permit text but not its download URL.
Virginia DEQ issued data center air permits,Published DEQ permit PDF; original URL unavailable in local delivery,Virginia data-center permit collection,2026-09-19,local_file_modified_date; unverified as pull date,,data/raw/deq_va/74276_DC_Permit.pdf,2ecb2a6db023e981e4cffcbc8a8e9f7272481f0313379c20de5b4a0f5da5385c,,Local PDF preserves permit text but not its download URL.
Virginia DEQ issued data center air permits,Published DEQ permit PDF; original URL unavailable in local delivery,Virginia data-center permit collection,2026-09-19,local_file_modified_date; unverified as pull date,,data/raw/deq_va/74277_DC_Permit.pdf,d9d5922578574e500dfd109ed2dee736717a32a43ad5947ce6727950cca9eea8,,Local PDF preserves permit text but not its download URL.
Virginia DEQ issued data center air permits,Published DEQ permit PDF; original URL unavailable in local delivery,Virginia data-center permit collection,2026-09-19,local_file_modified_date; unverified as pull date,,data/raw/deq_va/74278_DC_Permit.pdf,5d3058f0185e94b1e9497aa5bbfb5d0ac896d9d46c27dca0cd157358dd67dc60,,Local PDF preserves permit text but not its download URL.
Virginia DEQ issued data center air permits,Published DEQ permit PDF; original URL unavailable in local delivery,Virginia data-center permit collection,2026-09-19,local_file_modified_date; unverified as pull date,,data/raw/deq_va/742842_DC_Permit.pdf,06bc6ff0280ea4b06b96678f9b818c41772fce8bf3731ac81976b9b3d8788360,,Local PDF preserves permit text but not its download URL.
Virginia DEQ issued data center air permits,Published DEQ permit PDF; original URL unavailable in local delivery,Virginia data-center permit collection,2026-09-19,local_file_modified_date; unverified as pull date,,data/raw/deq_va/74287_DC_Permit.pdf,461712193d626d7bacc31c58789656154465adba37b85d051c7d4cadb1de654e,,Local PDF preserves permit text but not its download URL.
Virginia DEQ issued data center air permits,Published DEQ permit PDF; original URL unavailable in local delivery,Virginia data-center permit collection,2026-09-19,local_file_modified_date; unverified as pull date,,data/raw/deq_va/742882_DC_Permit.pdf,f77540cdd9bf3688f39e4c7c594d84d9c94348088e2398fcdfd67ebf658d6e5e,,Local PDF preserves permit text but not its download URL.
Virginia DEQ issued data center air permits,Published DEQ permit PDF; original URL unavailable in local delivery,Virginia data-center permit collection,2026-09-19,local_file_modified_date; unverified as pull date,,data/raw/deq_va/74290_DC_Permit.pdf,5de5459cd141f6ed6231ab475129da3d79d3b5ea27983469f6ffd2d880c21fa4,,Local PDF preserves permit text but not its download URL.
Virginia DEQ issued data center air permits,Published DEQ permit PDF; original URL unavailable in local delivery,Virginia data-center permit collection,2026-09-19,local_file_modified_date; unverified as pull date,,data/raw/deq_va/74296_DC_Permit.pdf,f5cc8a31196ebc4c258d7adfd9f9d28f82bac7bcda464647e73710180548ea14,,Local PDF preserves permit text but not its download URL.
Virginia DEQ issued data center air permits,Published DEQ permit PDF; original URL unavailable in local delivery,Virginia data-center permit collection,2026-09-19,local_file_modified_date; unverified as pull date,,data/raw/deq_va/742992_DC_Permit.pdf,d46c6c536e6e28e29582df38c7b02478893bb2614118bd7171f6f3011b3b831e,,Local PDF preserves permit text but not its download URL.
Virginia DEQ issued data center air permits,Published DEQ permit PDF; original URL unavailable in local delivery,Virginia data-center permit collection,2026-09-19,local_file_modified_date; unverified as pull date,,data/raw/deq_va/74300_DC_Permit.pdf,37aad4470432ed797eecc5a388500f4acd84cab67bdc6d2fd4091fda43f59e7a,,Local PDF preserves permit text but not its download URL.
Virginia DEQ issued data center air permits,Published DEQ permit PDF; original URL unavailable in local delivery,Virginia data-center permit collection,2026-09-19,local_file_modified_date; unverified as pull date,,data/raw/deq_va/74301_DC_Permit.pdf,04a1bb59465cb29990eb0e5529c78fc9849c7260b0af6b282fdcf827d1ddb41f,,Local PDF preserves permit text but not its download URL.
Virginia DEQ issued data center air permits,Published DEQ permit PDF; original URL unavailable in local delivery,Virginia data-center permit collection,2026-09-19,local_file_modified_date; unverified as pull date,,data/raw/deq_va/743021_DC_Permit.pdf,9f69a36828bee05940b24f8a2a0890485387b4da27f191c34e4c6edea55b2532,,Local PDF preserves permit text but not its download URL.
Virginia DEQ issued data center air permits,Published DEQ permit PDF; original URL unavailable in local delivery,Virginia data-center permit collection,2026-09-19,local_file_modified_date; unverified as pull date,,data/raw/deq_va/743062_DC_Permit.pdf,713bab98e6cf2d918d289f508424c9bbd14c2fd2aee0c8268bc737a922dae71e,,Local PDF preserves permit text but not its download URL.
Virginia DEQ issued data center air permits,Published DEQ permit PDF; original URL unavailable in local delivery,Virginia data-center permit collection,2026-09-19,local_file_modified_date; unverified as pull date,,data/raw/deq_va/743081_DC_Permit.pdf,a95f1aab378ce67e57287a7013b13e8f51ad6d6c30254217727792f8b6ba60a7,,Local PDF preserves permit text but not its download URL.
Virginia DEQ issued data center air permits,Published DEQ permit PDF; original URL unavailable in local delivery,Virginia data-center permit collection,2026-09-19,local_file_modified_date; unverified as pull date,,data/raw/deq_va/74309_DC_Permit.pdf,b798923bd1eebb2423910a31ad9b85d6359e32cd5e857a5e43365341afde20f2,,Local PDF preserves permit text but not its download URL.
Virginia DEQ issued data center air permits,Published DEQ permit PDF; original URL unavailable in local delivery,Virginia data-center permit collection,2026-09-19,local_file_modified_date; unverified as pull date,,data/raw/deq_va/74315_DC_Permit.pdf,581cc8263c72a193689bc4624e7047d56734056b74679040575bacb071df3383,,Local PDF preserves permit text but not its download URL.
Virginia DEQ issued data center air permits,Published DEQ permit PDF; original URL unavailable in local delivery,Virginia data-center permit collection,2026-09-19,local_file_modified_date; unverified as pull date,,data/raw/deq_va/74317_DC_Permit.pdf,b7efebe32d637ddf4a97aaa7ea3b02477ee8a76b967e368454352a738387d9ab,,Local PDF preserves permit text but not its download URL.
Virginia DEQ issued data center air permits,Published DEQ permit PDF; original URL unavailable in local delivery,Virginia data-center permit collection,2026-09-19,local_file_modified_date; unverified as pull date,,data/raw/deq_va/743211_DC_Permit.pdf,6de7dfdabf0cec0accec2d1d62b703c548dbc202e9d8bfff72f6444e30ca8568,,Local PDF preserves permit text but not its download URL.
Virginia DEQ issued data center air permits,Published DEQ permit PDF; original URL unavailable in local delivery,Virginia data-center permit collection,2026-09-19,local_file_modified_date; unverified as pull date,,data/raw/deq_va/743232_DC_Permit.pdf,dee0205040232d2e661dfe2bb93e1e8eada149b13f01ce4e33ba18aee88eda6a,,Local PDF preserves permit text but not its download URL.
Virginia DEQ issued data center air permits,Published DEQ permit PDF; original URL unavailable in local delivery,Virginia data-center permit collection,2026-09-19,local_file_modified_date; unverified as pull date,,data/raw/deq_va/743292_DC_Permit.pdf,56d9f66a449ffb0a058ca0bf8521f2f67c651043a3925c9798f95ae69578811e,,Local PDF preserves permit text but not its download URL.
Virginia DEQ issued data center air permits,Published DEQ permit PDF; original URL unavailable in local delivery,Virginia data-center permit collection,2026-09-19,local_file_modified_date; unverified as pull date,,data/raw/deq_va/743322_DC_Permit.pdf,0a9fd4ca831c456b71e18921df4071ef036d6010412a082252cc1179e9f73b83,,Local PDF preserves permit text but not its download URL.
Virginia DEQ issued data center air permits,Published DEQ permit PDF; original URL unavailable in local delivery,Virginia data-center permit collection,2026-09-19,local_file_modified_date; unverified as pull date,,data/raw/deq_va/743331_DC_Permit.pdf,283ceb894d6d0ac8967336348326e6ce9952bb5e3bd53d5125a5985107325f59,,Local PDF preserves permit text but not its download URL.
Virginia DEQ issued data center air permits,Published DEQ permit PDF; original URL unavailable in local delivery,Virginia data-center permit collection,2026-09-19,local_file_modified_date; unverified as pull date,,data/raw/deq_va/743351_DC_Permit.pdf,2fbe156fd3edee08bb231359ed750e122ecb349a23257bfb827a78d7cfa9a465,,Local PDF preserves permit text but not its download URL.
Virginia DEQ issued data center air permits,Published DEQ permit PDF; original URL unavailable in local delivery,Virginia data-center permit collection,2026-09-19,local_file_modified_date; unverified as pull date,,data/raw/deq_va/743361_DC_Permit.pdf,35244a58a6445ec5b3962d8292464972c160e8ecd90c0754ae76fb855601bc41,,Local PDF preserves permit text but not its download URL.
Virginia DEQ issued data center air permits,Published DEQ permit PDF; original URL unavailable in local delivery,Virginia data-center permit collection,2026-09-19,local_file_modified_date; unverified as pull date,,data/raw/deq_va/743371_DC_Permit.pdf,8a0060cc276b9e986a67adb04216f81b7db3cf19636a48fb8779ccd3ebf898ba,,Local PDF preserves permit text but not its download URL.
Virginia DEQ issued data center air permits,Published DEQ permit PDF; original URL unavailable in local delivery,Virginia data-center permit collection,2026-09-19,local_file_modified_date; unverified as pull date,,data/raw/deq_va/743381_DC_Permit.pdf,b36bf80fb0abf1e4e7675dc2b042688dcedbaf875e26cbccc0f11c00d3d95037,,Local PDF preserves permit text but not its download URL.
Virginia DEQ issued data center air permits,Published DEQ permit PDF; original URL unavailable in local delivery,Virginia data-center permit collection,2026-09-19,local_file_modified_date; unverified as pull date,,data/raw/deq_va/743411_DC_Permit.pdf,6e09b01d116ca7518704ebbb7113e6a3a20af94db59a56f8d979e40c001f7766,,Local PDF preserves permit text but not its download URL.
Virginia DEQ issued data center air permits,Published DEQ permit PDF; original URL unavailable in local delivery,Virginia data-center permit collection,2026-09-19,local_file_modified_date; unverified as pull date,,data/raw/deq_va/743421_DC_Permit.pdf,e34a83e1a0ac47e833c3416dbdb643c7a9d9038ef43a433e0a2f1fc7a6495203,,Local PDF preserves permit text but not its download URL.
Virginia DEQ issued data center air permits,Published DEQ permit PDF; original URL unavailable in local delivery,Virginia data-center permit collection,2026-09-19,local_file_modified_date; unverified as pull date,,data/raw/deq_va/743481_DC_Permit.pdf,d5c5f44533d3088384c50be209b254a55611b4f6ff0ca32d621107cc9a656bd8,,Local PDF preserves permit text but not its download URL.
Virginia DEQ issued data center air permits,Published DEQ permit PDF; original URL unavailable in local delivery,Virginia data-center permit collection,2026-09-19,local_file_modified_date; unverified as pull date,,data/raw/deq_va/743491_DC_Permit.pdf,28851874106620e7bfac9496a6b15743ded5098cf92608c43c50a43a0ad53de2,,Local PDF preserves permit text but not its download URL.
Virginia DEQ issued data center air permits,Published DEQ permit PDF; original URL unavailable in local delivery,Virginia data-center permit collection,2026-09-19,local_file_modified_date; unverified as pull date,,data/raw/deq_va/809416_DC_Permit.pdf,858ad7a147c14d56fff9ccf4530a8af23117e7defb9afd1f685a52a4fb7518c5,,Local PDF preserves permit text but not its download URL.
Virginia DEQ issued data center air permits,Published DEQ permit PDF; original URL unavailable in local delivery,Virginia data-center permit collection,2026-09-19,local_file_modified_date; unverified as pull date,,data/raw/deq_va/81609_DC_Permit.pdf,cd41ea2ea1609637206e44eda464b1b9a519b672e8f3b02079bfe8d8457e5356,,Local PDF preserves permit text but not its download URL.
U.S. EIA Form EIA-861,URL unverified; delivered consolidated extract,2015-2025,2026-09-19,local_file_modified_date; unverified as pull date,169770.0,data/raw/eia861_sales_ultimate_customers_2015_2025.csv,025e52c4051cd61e38f6c8566882c2c90232a51b2939ac0b05ec8b62abb7846e,,Pull URL and pull date were not delivered.
U.S. EPA daily AQI by county,https://aqs.epa.gov/aqsweb/airdata/download_files.html,Virginia; 2015-2026,2026-09-19,local_file_modified_date; unverified as pull date,99012.0,data/raw/virginia_daily_aqi_by_county_2015_2026.csv,708350fb666c5ddf8d0389c1a8a0ac5327687bae6cf08499d4a611c6e715f2c7,,Source-provided downloaded_on=9/19/2026.
